Date,Last_price_A2A 2018-2023,Last_price_Amplifon 2018-2023,Last_price_Azimut 2018-2023,Last_price_BPER banca 2018-2023,Last_price_Banca Mediolanum 2018-2023,Last_price_Banca Monte dei Paschi di Siena 2018-2023,Last_price_Banca pop Sondrio 2018-2023,Last_price_Banco Bpm 2018-2023,Last_price_Brunello cucinelli 2018-2023,Last_price_Campari 2018-2023,Last_price_Diasorin 2018-2023,Last_price_Enel 2018-2023,Last_price_Eni 2018-2023,Last_price_Erg 2018-2023,Last_price_Ferrari 2018-2023,Last_price_Fineco 2018-2023,Last_price_Generali Ass 2018-2023,Last_price_Hera 2018-2023,Last_price_Interpump 2018-2023,Last_price_Intesa San Paolo 2018-2023,Last_price_Inwit 2018-2023,Last_price_Italgas 2018-2023,Last_price_Leonardo 2018-2023,Last_price_Mediobanca 2018-2023,Last_price_Moncler 2018-2023,Last_price_Pirelli 2018-2023,Last_price_Poste Italiane 2018-2023,Last_price_Prysmian 2018-2023,Last_price_Recordati 2018-2023,Last_price_Saipem 2018-2023,Last_price_Snam 2018-2023,Last_price_Stellantis 2018-2023,Last_price_Stmicroeletronics 2018-2023,Last_price_Telecom 2018-2023,Last_price_Tenaris 2018-2023,Last_price_Terna 2018-2023,Last_price_Unicredit 2018-2023,Last_price_Unipol 2018-2023
2023-12-29,1.859,31.34,23.64,3.026,8.534,3.046,5.86,23.64,88.6,10.215,93.24,6.73,15.348,28.86,305.2,13.585,19.105,2.972,46.87,2.6435,11.45,5.18,14.935,11.205,55.7,4.927,10.275,41.17,48.83,1.47,4.655,21.15,45.21,0.2942,15.745,7.554,24.565,5.162
2023-12-22,1.859,31.53,23.6,3.045,8.46,3.071,5.645,23.6,87.7,10.21,93.52,6.719,15.288,28.6,304.9,13.44,19.16,3.01,46.89,2.647,11.5,5.19,14.75,11.245,56.0,4.858,10.265,40.91,48.22,1.4465,4.682,21.225,45.53,0.3001,16.045,7.606,24.42,5.124
2023-12-15,1.9395,31.68,23.64,3.061,8.618,2.986,5.435,23.64,85.5,10.01,91.9,6.67,14.814,28.08,327.5,13.765,19.095,3.018,46.73,2.635,11.26,5.2,14.78,11.125,55.92,4.826,10.225,39.49,47.88,1.413,4.669,21.545,46.84,0.2688,15.64,7.652,23.685,5.206
2023-12-08,1.9615,28.17,22.5,3.35,8.28,3.271,5.69,22.5,79.2,10.06,90.24,6.566,15.01,27.0,340.7,12.93,19.14,2.968,44.55,2.7,11.545,5.235,13.85,11.13,53.66,4.8,10.035,38.52,46.7,1.401,4.696,21.025,44.395,0.2658,15.745,7.672,25.3,5.254
2023-12-01,1.9665,28.15,22.29,3.464,8.22,3.14,5.845,22.29,75.4,10.015,86.58,6.507,15.25,26.52,328.8,12.37,18.955,2.908,42.92,2.666,11.335,5.13,14.335,10.805,50.68,4.562,9.92,36.5,44.19,1.507,4.654,20.105,43.74,0.2666,16.085,7.432,25.18,5.292
2023-11-24,1.955,28.42,22.1,3.417,8.192,2.984,5.865,22.1,77.75,10.43,88.08,6.414,15.068,25.46,336.0,12.105,19.07,2.846,42.52,2.5995,10.73,5.08,14.52,10.84,51.56,4.508,9.874,35.62,44.61,1.455,4.575,18.798,41.805,0.26,15.565,7.378,25.12,5.33
2023-11-17,1.9315,27.52,21.94,3.484,8.418,3.05,5.91,21.94,77.3,10.275,88.76,6.405,15.012,25.48,329.6,12.3,19.46,2.84,42.24,2.6845,10.7,5.025,14.655,11.765,50.44,4.546,10.17,35.76,45.18,1.4585,4.498,18.47,41.91,0.2592,15.665,7.52,25.035,5.346
2023-11-10,1.7755,27.1,20.85,3.294,8.18,2.683,5.6,20.85,78.35,10.54,84.82,6.129,14.998,23.04,314.7,11.765,19.105,2.656,41.75,2.566,10.65,4.84,14.87,11.54,49.46,4.408,9.882,34.84,44.26,1.39,4.348,17.982,38.63,0.2525,16.09,7.342,23.865,5.238
2023-11-03,1.7915,27.7,20.47,3.155,8.056,2.658,5.27,20.47,81.0,10.785,90.24,6.16,15.366,23.98,308.7,11.91,19.015,2.756,41.07,2.5635,10.81,4.924,14.34,11.495,51.0,4.393,9.53,35.81,43.95,1.475,4.389,18.696,38.435,0.2597,16.318,7.358,23.43,5.158
2023-10-27,1.7465,25.76,19.415,2.927,7.598,2.429,4.956,19.415,74.7,10.17,82.4,5.755,15.51,23.14,282.6,11.05,18.41,2.54,39.1,2.3775,10.19,4.708,13.85,10.68,48.51,4.07,9.142,33.78,43.42,1.388,4.307,17.318,37.515,0.2412,14.805,7.17,23.08,5.018
2023-10-20,1.6825,27.24,19.655,2.86,7.698,2.373,5.045,19.655,75.1,10.925,82.58,5.647,15.398,22.54,284.4,10.925,18.145,2.566,39.53,2.344,10.365,4.832,13.865,11.035,52.58,4.292,9.188,34.52,43.99,1.4485,4.399,17.648,37.73,0.2573,15.26,7.26,22.125,5.062
2023-10-13,1.721,27.74,20.37,2.96,7.916,2.52,5.17,20.37,69.6,10.865,83.5,5.723,15.498,22.78,297.2,10.77,19.09,2.594,42.38,2.406,10.615,4.934,13.96,12.11,53.18,4.4,9.748,35.51,45.26,1.5325,4.478,18.83,41.15,0.2744,15.765,7.238,22.425,5.156
2023-10-06,1.6695,27.26,20.65,2.915,8.064,2.609,5.025,20.65,72.05,11.355,87.72,5.601,14.64,21.84,286.2,10.875,18.75,2.544,42.92,2.4015,10.53,4.846,12.94,12.15,56.02,4.368,9.636,36.74,45.28,1.4185,4.397,17.998,42.065,0.2654,14.63,7.078,22.46,5.08
2023-09-29,1.686,28.12,20.68,2.897,8.102,2.415,4.876,20.68,72.05,11.165,86.42,5.82,15.256,22.84,279.7,11.515,19.365,2.59,43.49,2.44,11.265,4.852,13.66,12.53,55.08,4.561,9.968,38.15,44.71,1.445,4.449,18.21,40.985,0.2961,14.985,7.128,22.73,5.122
2023-09-22,1.7555,29.14,20.95,2.959,8.224,2.652,5.12,20.95,71.45,11.4,86.54,6.045,15.238,24.06,273.0,11.59,19.685,2.714,43.45,2.461,11.515,5.06,13.605,12.2,57.48,4.741,10.04,37.19,45.3,1.4845,4.638,18.286,40.255,0.3248,14.66,7.414,23.345,5.222
2023-09-15,1.8945,28.98,21.13,2.812,8.454,2.492,4.63,21.13,74.75,11.38,92.12,6.285,15.336,25.56,284.0,11.845,19.825,2.926,45.18,2.469,11.775,5.315,13.98,12.21,59.78,4.762,10.18,39.16,46.82,1.607,4.818,17.906,41.33,0.3144,15.43,7.778,21.685,5.226
2023-09-08,1.7565,29.05,21.07,2.607,8.298,2.311,4.486,21.07,73.5,11.86,91.86,6.191,14.798,25.36,279.3,11.7,19.09,2.816,45.52,2.4135,11.605,5.265,13.74,12.065,58.5,4.704,10.11,37.9,45.59,1.5445,4.802,17.0,41.395,0.3106,14.965,7.772,20.745,5.098
2023-09-01,1.7475,29.48,21.38,2.772,8.414,2.535,4.348,21.38,75.45,11.995,96.76,6.156,14.538,25.08,284.2,12.56,19.05,2.786,46.75,2.4595,11.425,5.255,13.315,12.075,62.62,4.602,10.225,37.75,45.79,1.501,4.771,16.8,43.525,0.2944,14.905,7.608,22.345,5.136
2023-08-25,1.738,29.87,20.73,2.717,8.216,2.507,4.266,20.73,70.1,11.9,93.02,6.109,14.154,24.98,286.8,12.595,18.61,2.748,44.68,2.4495,11.13,5.21,12.955,11.805,62.36,4.493,10.095,36.4,45.84,1.485,4.673,16.72,42.43,0.2745,14.975,7.496,21.75,5.01
2023-08-18,1.6775,29.23,20.37,2.685,8.086,2.602,4.19,20.37,72.4,11.61,89.8,5.924,14.034,23.82,279.6,12.51,18.405,2.61,44.07,2.411,11.12,5.055,12.83,11.63,62.46,4.546,9.952,34.54,44.65,1.4355,4.532,16.354,42.13,0.2771,15.275,7.23,21.58,5.11
2023-08-11,1.7,29.89,20.83,2.643,8.228,2.628,4.238,20.83,74.2,12.04,91.5,6.006,14.048,24.44,285.2,13.08,18.465,2.674,45.25,2.4395,11.345,5.19,13.185,11.715,63.5,4.514,10.135,35.38,45.0,1.492,4.605,16.85,43.13,0.276,15.38,7.344,22.15,5.104
2023-08-04,1.6585,30.36,20.73,2.836,8.434,2.531,4.288,20.73,74.25,12.135,95.2,5.943,13.724,24.76,285.4,13.625,18.735,2.658,47.32,2.5435,11.275,5.115,12.91,11.835,62.38,4.745,10.11,36.07,43.51,1.417,4.58,17.858,45.42,0.2513,14.96,7.224,22.33,4.96
2023-07-28,1.703,31.44,21.63,3.135,8.864,2.594,4.348,21.63,75.35,12.38,101.3,6.275,13.658,25.66,292.2,14.125,19.265,2.836,50.2,2.6095,11.62,5.37,11.88,12.12,65.38,4.917,10.41,36.12,46.81,1.48,4.8,18.58,48.41,0.265,15.0,7.726,22.435,5.092
2023-07-21,1.685,31.08,20.26,3.016,8.64,2.527,4.15,20.26,77.05,12.535,93.38,6.336,13.64,27.38,286.7,13.765,19.09,2.746,50.28,2.531,11.725,5.36,11.515,11.475,62.22,4.84,10.11,36.37,45.33,1.466,4.839,16.51,45.73,0.2626,14.845,7.792,22.205,5.036
2023-07-14,1.67,31.75,19.885,2.913,8.342,2.539,3.946,19.885,80.35,12.93,93.8,6.238,13.426,27.04,292.9,13.61,18.88,2.704,50.36,2.4305,12.085,5.275,11.295,11.29,65.9,4.702,9.952,37.06,43.08,1.4395,4.701,16.706,47.325,0.2624,14.19,7.576,21.79,4.957
2023-07-07,1.6395,30.29,19.245,2.737,8.004,2.29,3.834,19.245,80.8,12.435,91.5,6.097,13.052,26.86,288.2,12.85,18.445,2.606,47.91,2.349,11.665,5.21,10.645,11.01,61.6,4.476,9.772,36.84,41.96,1.46,4.604,16.208,43.805,0.2541,13.635,7.464,21.28,4.862
2023-06-30,1.673,33.59,19.755,2.782,8.282,2.302,3.816,19.755,80.6,12.69,95.4,6.168,13.182,26.98,299.5,12.315,18.62,2.722,50.88,2.4,12.08,5.425,10.395,10.96,63.34,4.524,9.916,38.28,43.75,1.275,4.787,16.09,45.56,0.2578,13.715,7.806,21.265,4.891
2023-06-23,1.644,33.3,19.295,2.685,8.17,2.258,3.88,19.295,81.0,12.295,96.1,6.057,12.796,25.52,282.6,11.97,18.26,2.732,49.33,2.335,11.74,5.365,10.675,10.76,62.44,4.402,9.522,35.08,43.13,1.1625,4.701,15.116,42.645,0.258,12.805,7.61,20.145,4.826
2023-06-16,1.6655,35.09,20.01,2.603,8.362,2.286,3.776,20.01,85.4,12.85,100.75,6.111,12.978,26.74,281.3,12.72,18.695,2.904,52.38,2.373,11.905,5.565,10.5,11.225,67.18,4.619,10.08,37.13,45.26,1.2545,5.046,15.858,45.62,0.259,12.875,8.054,19.258,4.917
2023-06-09,1.6405,34.97,19.55,2.449,8.186,2.173,3.726,19.55,82.6,12.645,96.72,6.073,12.984,26.76,276.4,12.5,18.3,2.886,51.6,2.3095,11.66,5.58,10.31,10.945,63.32,4.561,9.904,35.7,44.39,1.284,4.974,15.052,44.08,0.2507,12.825,7.958,18.35,4.798
2023-06-02,1.599,33.45,19.34,2.508,8.226,2.238,3.706,19.34,82.85,12.445,98.84,6.046,13.142,26.12,279.1,12.675,18.14,2.956,51.98,2.2715,11.815,5.515,10.415,10.705,64.36,4.606,10.0,36.5,42.84,1.274,4.979,14.786,42.0,0.2523,12.345,7.918,18.858,4.808
2023-05-26,1.5265,33.0,19.105,2.475,8.036,2.096,3.678,19.105,80.05,12.25,99.22,5.954,13.192,25.88,271.7,12.41,17.945,2.916,52.8,2.245,11.735,5.3,10.61,10.445,63.38,4.606,9.796,35.34,43.17,1.26,4.914,14.772,40.685,0.2585,11.98,7.716,18.708,4.76
2023-05-19,1.6385,34.22,20.46,2.7,8.138,2.141,4.172,20.46,82.0,12.26,102.4,6.009,13.45,28.24,275.9,12.565,19.005,2.956,54.14,2.4165,12.055,5.79,11.235,10.035,64.36,4.884,9.784,35.4,45.0,1.3205,5.086,15.432,41.54,0.2694,12.335,7.914,19.01,5.16
2023-05-12,1.6915,36.01,20.15,2.729,7.91,2.13,4.166,20.15,84.0,12.28,105.6,6.058,13.386,27.36,272.4,12.7,18.72,2.996,51.46,2.428,12.075,5.975,11.065,9.702,66.68,4.935,9.604,35.36,44.09,1.274,5.148,14.946,38.945,0.2727,12.255,8.1,18.872,5.148
2023-05-05,1.6125,35.89,20.13,2.607,8.102,2.045,4.172,20.13,86.7,12.29,104.45,6.162,13.57,26.94,269.5,13.515,18.84,2.822,51.4,2.432,12.58,5.88,10.445,9.98,67.18,4.901,9.476,37.46,42.48,1.324,5.074,14.726,38.56,0.2688,12.42,7.972,18.94,5.084
2023-04-28,1.6,33.28,20.24,2.545,8.194,2.089,4.122,20.24,86.7,11.68,98.48,6.199,13.746,27.4,252.3,13.73,18.88,2.824,50.48,2.3845,12.595,5.93,10.805,9.73,67.16,4.746,9.426,37.07,41.73,1.386,5.04,15.0,38.555,0.2669,13.05,7.86,17.94,5.096
2023-04-21,1.5715,33.42,20.4,2.706,8.618,2.272,4.278,20.4,91.3,11.805,98.92,5.931,13.766,27.6,252.1,14.25,19.095,2.708,49.65,2.4845,12.4,6.03,11.305,9.78,67.2,4.658,9.58,38.0,42.03,1.409,5.05,15.944,43.205,0.2694,13.05,7.784,19.528,5.032
2023-04-14,1.5295,32.7,20.35,2.51,8.638,2.114,4.14,20.35,92.65,11.525,97.32,5.708,13.802,28.12,259.6,14.805,18.93,2.622,48.65,2.4685,12.33,5.92,11.775,9.638,65.94,4.705,9.544,37.71,40.73,1.4875,5.004,17.164,46.13,0.3061,13.44,7.63,19.37,5.072
2023-04-07,1.5285,32.64,19.595,2.364,8.448,1.935,3.912,19.595,90.2,11.515,97.06,5.849,13.54,28.8,248.9,14.005,18.55,2.716,46.6,2.358,12.47,5.895,11.29,9.444,63.26,4.506,9.242,37.1,39.62,1.444,5.15,16.248,45.95,0.3079,12.96,7.98,18.238,4.914
2023-03-31,1.47,31.94,19.7,2.273,8.358,2.0055,3.914,19.7,91.45,11.25,97.06,5.627,12.906,27.96,249.3,14.14,18.38,2.602,51.65,2.3675,12.12,5.625,10.82,9.268,63.54,4.622,9.412,38.7,38.96,1.383,4.889,16.736,48.95,0.3042,13.1,7.566,17.41,4.741
2023-03-24,1.44,30.41,19.11,2.21,8.062,1.8806,3.804,19.11,83.6,11.12,102.05,5.392,12.172,26.36,243.9,13.61,17.69,2.491,48.8,2.263,11.725,5.4,10.67,8.994,60.64,4.349,9.196,35.58,38.82,1.2445,4.744,15.902,45.41,0.2834,12.825,7.434,16.23,4.585
2023-03-17,1.3745,29.83,18.99,2.237,7.856,1.891,3.812,18.99,77.8,10.77,105.7,5.287,12.162,26.9,242.0,12.755,17.215,2.393,48.82,2.193,11.085,5.385,10.435,8.85,59.58,4.386,9.012,35.55,38.28,1.2055,4.67,15.716,45.445,0.2831,13.22,7.22,15.898,4.44
2023-03-10,1.357,29.15,20.89,2.691,8.994,2.3055,4.71,20.89,79.5,10.49,109.75,5.326,13.43,26.32,248.4,14.79,18.42,2.388,51.25,2.482,11.365,5.24,11.025,9.726,60.28,4.749,9.988,38.02,38.71,1.3575,4.6,16.888,46.25,0.3122,15.445,7.166,18.62,4.96
2023-03-03,1.379,30.12,22.64,2.701,9.25,2.461,4.796,22.64,80.35,10.79,112.5,5.301,13.434,27.44,256.4,16.41,18.6,2.521,52.6,2.5745,11.26,5.31,10.795,10.07,60.78,4.944,10.13,37.95,39.62,1.5005,4.635,17.668,45.315,0.309,16.185,7.104,18.938,5.046
2023-02-24,1.382,27.09,22.08,2.579,9.042,2.669,4.552,22.08,79.45,10.5,113.3,5.234,13.192,27.4,244.8,15.805,18.15,2.512,51.05,2.495,10.295,5.355,10.47,9.83,57.72,4.767,9.856,35.82,39.45,1.4865,4.684,16.45,44.615,0.3066,15.68,7.186,18.236,4.896
2023-02-17,1.3735,27.4,22.78,2.792,9.282,2.6395,4.49,22.78,79.6,10.49,116.3,5.353,14.3,27.68,249.0,16.72,18.32,2.612,51.85,2.5645,10.475,5.435,10.455,10.255,57.66,4.854,10.225,37.7,41.1,1.41,4.772,15.95,45.915,0.3135,16.515,7.392,19.558,4.997
2023-02-10,1.388,26.6,22.72,2.553,9.018,2.46,4.464,22.72,76.95,10.065,116.4,5.411,14.75,28.22,242.6,16.23,18.245,2.618,50.35,2.477,10.44,5.6,9.858,10.2,55.32,4.562,10.05,36.7,40.25,1.5005,4.793,15.412,44.925,0.295,15.905,7.364,18.742,4.914
2023-02-03,1.38,27.84,23.6,2.54,8.934,2.4895,4.514,23.6,80.9,10.19,121.35,5.362,13.844,28.06,242.0,16.955,18.05,2.65,52.1,2.383,10.085,5.46,9.496,10.04,58.76,4.827,10.08,37.4,40.26,1.382,4.714,15.2,46.12,0.2835,15.26,7.258,18.018,4.884
2023-01-27,1.407,25.74,23.06,2.431,8.696,2.1845,4.358,23.06,77.65,9.654,124.45,5.485,14.292,27.86,232.7,16.425,17.945,2.709,48.74,2.351,10.025,5.49,9.548,9.902,57.78,4.584,9.776,37.5,40.76,1.392,4.74,14.196,43.66,0.2541,16.465,7.286,15.888,4.856
2023-01-20,1.337,25.71,22.8,2.293,8.428,2.028,4.118,22.8,72.5,9.9,125.2,5.65,14.456,27.76,222.6,16.435,17.76,2.654,49.68,2.1805,10.07,5.345,8.91,9.58,56.04,4.537,9.582,36.98,41.6,1.3765,4.886,14.024,38.065,0.2551,16.55,7.302,14.958,4.777
2023-01-13,1.392,26.95,22.49,2.19,8.494,2.2055,4.116,22.49,68.65,9.888,127.2,5.728,14.422,28.48,217.6,16.65,17.355,2.771,48.36,2.288,9.86,5.43,8.226,9.664,54.98,4.609,9.73,35.23,40.17,1.2045,4.863,14.23,37.85,0.2496,16.155,7.326,14.754,4.756
2023-01-06,1.3075,27.1,21.31,2.083,8.126,1.9858,4.04,21.31,70.05,9.784,126.5,5.601,13.838,28.06,208.9,16.495,17.34,2.632,46.76,2.2335,9.694,5.395,8.15,9.264,52.34,4.552,9.606,34.59,38.68,1.2205,4.776,14.446,35.445,0.2356,15.775,7.242,14.712,4.769
2022-12-30,1.245,27.82,20.93,1.9185,7.798,1.9246,3.78,20.93,69.1,9.484,130.4,5.03,13.286,28.96,200.2,15.52,16.615,2.519,42.16,2.078,9.414,5.19,8.06,8.984,49.5,4.004,9.126,34.66,38.75,1.1275,4.527,13.264,33.005,0.2163,16.285,6.9,13.272,4.558
2022-12-23,1.259,26.9,20.71,1.9445,7.878,1.968,3.912,20.71,69.65,9.586,127.9,5.101,13.476,29.68,198.7,15.27,16.8,2.552,42.96,2.0925,9.404,5.35,8.076,9.032,48.1,4.079,9.22,35.2,39.12,1.1095,4.647,13.19,33.61,0.2185,16.58,7.148,13.284,4.646
2022-12-16,1.2695,26.94,20.48,1.88,7.712,1.9544,3.826,20.48,69.9,9.814,129.5,5.05,12.9,29.42,206.5,15.12,16.5,2.551,42.84,2.058,9.312,5.35,7.768,8.908,49.19,3.994,9.048,34.99,39.6,1.0065,4.663,13.354,34.93,0.2031,15.37,7.184,12.788,4.476
2022-12-09,1.3005,27.97,20.09,1.9525,7.874,1.823,3.816,20.09,69.25,9.956,130.7,5.222,13.526,29.8,209.4,15.48,17.315,2.83,43.14,2.067,9.48,5.63,7.626,9.182,49.37,4.088,9.376,35.5,40.84,0.9994,4.874,13.724,36.89,0.2035,15.385,7.362,12.53,4.742
2022-12-02,1.3115,28.54,19.695,1.9395,7.98,1.8892,3.784,19.695,63.95,10.275,133.9,5.267,13.892,29.9,214.5,15.75,17.23,2.681,43.46,2.0965,9.608,5.64,7.748,9.186,48.27,4.273,9.45,33.68,41.49,1.021,4.848,14.602,36.7,0.2094,16.055,7.372,12.536,4.789
2022-11-25,1.324,27.88,19.44,1.9695,7.834,1.777,3.9,19.44,59.95,10.22,132.6,5.155,14.298,29.6,210.0,15.365,16.93,2.657,43.5,2.1585,9.628,5.695,7.658,9.422,48.0,4.223,9.446,33.68,40.23,1.04,4.863,14.65,37.175,0.2255,16.36,7.352,13.124,4.778
2022-11-18,1.309,27.63,19.68,1.9095,8.088,1.813,3.82,19.68,61.2,10.03,132.1,5.157,14.188,30.72,208.2,15.0,17.26,2.641,44.14,2.2165,9.514,5.55,7.414,10.175,49.83,4.168,9.604,32.62,39.49,1.035,4.769,14.41,36.98,0.2236,16.415,7.316,13.102,4.807
2022-11-11,1.262,29.05,19.995,1.8525,7.908,1.8,3.556,19.995,62.45,9.796,138.25,5.048,14.278,32.28,209.8,14.435,16.865,2.609,45.44,2.1605,9.86,5.45,7.088,9.954,51.52,4.136,9.638,33.18,40.75,1.032,4.667,14.228,35.87,0.2369,15.995,7.072,12.8,4.741
2022-11-04,1.1295,25.19,17.015,2.013,7.728,1.62,3.756,17.015,57.5,9.312,129.2,4.6795,14.01,31.38,201.4,14.175,15.685,2.462,39.58,2.065,9.174,5.32,7.566,9.398,45.39,4.058,9.026,32.47,38.48,0.934,4.648,13.564,31.94,0.2197,16.645,6.862,13.042,4.551
2022-10-28,1.128,24.68,16.38,1.845,7.606,1.9302,3.64,16.38,58.95,8.916,129.1,4.472,13.136,31.22,198.9,13.745,15.07,2.403,40.4,1.9052,8.926,5.285,8.082,9.132,45.29,3.812,8.774,33.12,38.37,0.9688,4.519,13.564,31.795,0.1965,15.31,6.766,12.258,4.356
2022-10-21,1.012,26.19,15.295,1.7415,7.052,1.99,3.544,15.295,56.75,8.654,130.1,4.1945,12.058,29.32,190.2,12.84,14.445,2.093,37.54,1.8276,8.286,4.754,7.792,8.586,45.95,3.516,8.242,32.36,35.45,0.739,4.213,13.074,33.35,0.1903,14.975,6.194,11.446,4.123
2022-10-14,1.0035,24.69,14.86,1.654,6.66,2.0629,3.344,14.86,50.65,9.2,119.05,4.113,11.782,28.44,187.3,12.365,14.235,2.069,34.5,1.7124,8.514,4.702,7.15,8.078,45.28,3.546,7.904,31.21,36.57,0.6406,4.145,12.498,31.995,0.173,13.935,6.256,11.052,4.041
2022-10-07,0.9704,26.46,14.83,1.6085,6.62,4.7456,3.274,14.83,50.3,9.102,115.85,4.1215,11.84,28.48,189.65,12.39,13.745,2.064,35.6,1.7056,8.556,4.78,7.436,7.966,44.48,3.386,7.822,31.14,35.3,0.7276,4.135,12.3,33.66,0.1871,15.005,6.214,10.708,3.956
2022-09-30,0.9998,26.9,14.705,1.581,6.47,4.9894,3.392,14.705,50.05,9.112,114.8,4.224,10.91,28.26,191.7,12.735,14.02,2.186,33.42,1.7028,8.97,4.776,7.272,8.06,42.39,3.36,7.79,29.62,37.69,0.6376,4.146,12.272,32.25,0.1903,13.265,6.25,10.458,3.994
2022-09-23,1.0255,24.98,15.12,1.666,6.212,6.3595,3.434,15.12,47.0,8.894,115.4,4.644,10.802,30.88,190.15,12.38,14.43,2.236,32.58,1.764,9.016,5.06,7.67,7.932,41.61,3.465,7.896,29.39,36.45,0.591,4.47,12.482,33.76,0.18,12.475,6.834,10.798,4.106
2022-09-16,1.061,24.67,16.325,1.686,6.536,7.2638,3.582,16.325,50.3,9.222,127.85,4.9195,11.444,33.02,196.55,12.585,15.12,2.396,33.86,1.915,9.586,5.115,7.654,8.456,43.37,3.728,8.272,31.88,39.76,0.643,4.746,13.4,35.31,0.1829,13.575,7.118,10.712,4.38
2022-09-09,1.1215,25.92,16.4,1.548,6.612,6.3678,3.358,16.4,52.85,9.554,134.6,4.855,11.682,32.28,195.55,11.725,14.95,2.488,35.68,1.8332,9.432,5.2,7.66,8.282,45.01,3.824,8.21,32.59,40.63,0.6746,4.765,13.292,36.94,0.197,14.03,7.104,10.372,4.266
2022-09-02,1.125,26.36,16.165,1.52,6.524,6.6345,3.278,16.165,52.7,9.854,133.75,4.7545,12.086,30.86,196.65,11.145,15.025,2.536,35.24,1.7382,9.358,5.235,7.89,8.112,44.75,3.85,8.1,31.69,41.39,0.6872,4.832,13.474,35.59,0.2092,14.155,7.202,9.996,4.276
2022-08-26,1.1815,26.06,15.97,1.48,6.284,7.543,3.158,15.97,54.45,10.22,132.5,4.8325,12.316,34.64,199.85,10.7,14.725,2.678,35.92,1.685,9.498,5.375,8.486,7.932,45.62,3.734,7.866,31.69,42.12,0.7218,5.008,13.74,35.575,0.2075,13.905,7.62,9.1,4.075
2022-08-19,1.258,28.71,16.58,1.585,6.632,8.3806,3.334,16.58,57.0,10.39,135.45,5.003,11.77,34.1,205.3,11.485,15.1,2.752,39.14,1.7732,10.04,5.595,8.694,8.288,48.89,4.03,8.2,32.05,43.29,0.7546,5.09,14.444,36.62,0.2163,12.965,7.598,9.645,4.206
2022-08-12,1.262,30.73,17.275,1.6435,6.924,8.9516,3.426,17.275,56.65,10.015,139.9,5.035,11.63,33.38,209.0,12.44,15.485,2.791,40.58,1.8538,9.912,5.485,8.926,8.704,49.38,4.308,8.536,32.31,42.27,0.8218,5.014,14.832,37.125,0.2405,13.135,7.34,10.172,4.421
2022-08-05,1.241,30.38,16.91,1.572,6.848,8.6474,3.362,16.91,55.8,10.05,135.3,4.951,11.456,33.16,208.1,12.255,15.04,2.747,40.8,1.814,9.7,5.47,8.98,8.616,49.3,4.439,8.478,31.46,42.37,0.8,4.95,14.332,37.645,0.22,12.59,7.302,9.888,4.305
2022-07-29,1.256,32.21,17.035,1.35,6.45,8.6224,3.236,17.035,56.45,10.82,135.6,4.909,11.716,31.84,206.2,12.09,14.585,2.802,41.56,1.7286,10.24,5.58,9.136,8.36,48.67,4.208,8.17,30.95,43.23,0.81,4.898,13.922,36.935,0.2162,13.605,7.478,9.58,4.085
2022-07-22,1.212,31.16,16.32,1.2955,6.24,8.7515,3.136,16.32,52.55,10.48,140.9,4.724,10.97,30.1,197.45,11.235,14.295,2.72,40.1,1.66,9.948,5.285,9.802,8.032,43.61,4.117,8.094,28.38,42.9,0.7134,4.813,12.648,33.93,0.2158,12.49,7.198,8.5,3.849
2022-07-15,1.189,29.86,16.225,1.293,6.108,8.9182,3.114,16.225,47.48,10.18,132.45,5.0,10.838,30.82,193.05,11.15,14.565,2.688,38.1,1.632,10.035,5.35,9.884,7.784,40.09,4.091,8.158,26.13,42.98,0.82,4.795,11.956,32.28,0.226,12.19,7.112,8.575,3.997
2022-07-08,1.249,31.15,17.01,1.51,6.436,11.1895,3.4,17.01,46.18,10.305,135.8,5.252,11.226,30.8,190.7,12.155,15.37,2.816,38.9,1.7626,9.98,5.46,9.95,8.428,41.48,4.14,8.688,27.19,43.52,3.6,4.995,12.458,30.825,0.2589,12.68,7.362,9.492,4.288
2022-07-01,1.24,30.39,16.4,1.519,6.306,10.7936,3.296,16.4,42.08,9.958,126.35,5.313,11.228,30.4,177.65,11.46,15.565,2.812,36.42,1.7676,9.918,5.6,9.862,8.252,40.34,3.937,8.916,25.96,43.04,2.767,5.088,11.72,29.105,0.2571,12.04,7.62,9.08,4.349
2022-06-24,1.2795,29.8,17.405,1.684,6.592,14.0441,3.366,17.405,43.48,10.025,127.75,5.513,11.666,30.28,179.7,12.02,16.02,2.783,38.86,1.8822,9.974,5.56,9.59,8.628,39.7,4.055,8.946,27.31,41.86,1.2493,4.96,12.428,31.81,0.2609,12.45,7.45,9.824,4.491
2022-06-17,1.341,26.3,17.045,1.678,6.282,14.5546,3.328,17.045,40.74,9.75,118.75,5.442,12.01,29.7,167.3,10.84,15.615,2.853,37.92,1.8036,9.34,5.585,9.702,8.48,37.19,4.24,8.996,27.78,39.02,2.2664,5.086,12.236,31.71,0.2483,12.965,7.442,9.803,4.386
2022-06-10,1.379,29.21,17.47,1.699,6.434,15.2318,3.402,17.47,44.08,9.25,115.75,5.481,13.24,30.88,173.65,10.9,15.68,2.987,40.0,1.8216,9.918,5.57,10.035,9.016,40.96,4.323,9.152,28.55,37.03,2.3742,5.194,12.992,34.475,0.2541,14.8,7.51,9.606,4.455
2022-06-03,1.515,31.07,19.64,1.863,7.15,16.43,3.69,19.64,46.84,9.896,120.4,5.905,14.258,32.68,177.7,12.63,16.715,3.337,43.12,1.973,10.39,5.975,10.415,9.5,45.89,4.575,9.92,29.17,39.54,2.7243,5.372,13.792,36.875,0.2871,15.73,7.77,10.596,4.841
2022-05-27,1.5835,32.37,19.89,1.885,7.388,15.5236,3.856,19.89,46.0,9.89,121.45,6.186,14.192,32.8,187.2,13.065,17.08,3.526,41.2,2.047,10.435,6.04,10.28,9.528,43.09,4.595,9.932,30.4,42.09,2.9604,5.476,13.748,37.265,0.2804,16.03,8.022,10.818,5.064
2022-05-20,1.6655,31.93,20.27,1.7465,7.042,14.7005,3.664,20.27,45.02,9.586,119.15,6.123,13.89,34.0,179.4,12.58,17.995,3.482,41.02,1.983,10.265,6.39,9.86,9.5,42.26,4.514,9.504,28.88,42.56,2.7085,5.432,13.54,36.745,0.2722,15.295,7.978,9.94,5.024
2022-05-13,1.6355,34.25,19.98,1.742,7.098,14.6484,3.68,19.98,47.26,10.21,119.1,5.937,13.64,31.54,186.9,12.375,17.735,3.381,38.66,1.9724,10.145,6.18,9.58,9.924,45.36,4.75,9.67,28.02,41.34,2.6884,5.232,13.77,37.905,0.2778,14.755,7.816,9.696,4.94
2022-05-06,1.654,35.46,19.66,1.5335,6.948,15.0964,3.592,19.66,45.24,9.778,120.65,6.008,13.604,31.26,188.1,12.35,17.735,3.521,35.84,1.88,9.902,6.115,9.796,9.648,42.72,4.451,9.002,29.71,42.11,2.8553,5.228,13.144,34.75,0.2606,14.535,7.582,8.23,5.184
2022-04-29,1.632,38.22,20.39,1.605,6.976,16.7738,3.802,20.39,49.26,10.785,125.05,6.218,13.39,32.9,203.0,13.325,18.1,3.556,38.78,1.9548,10.18,6.18,9.824,9.612,50.28,4.748,9.378,31.22,45.99,2.716,5.224,12.982,35.77,0.2781,14.81,7.766,8.905,5.22
2022-04-22,1.623,38.31,20.12,1.6175,7.188,17.8469,3.864,20.12,50.45,10.59,126.4,6.013,13.58,32.22,197.05,13.86,18.415,3.609,39.98,1.9828,10.195,6.27,10.1,9.346,50.02,4.745,9.702,30.35,46.26,2.9244,5.2,13.112,35.305,0.287,14.585,7.818,9.249,5.274
2022-04-15,1.6565,40.6,20.11,1.5675,7.64,17.8469,3.83,20.11,52.35,10.555,134.3,6.202,14.2,31.66,206.8,13.905,19.265,3.596,39.6,1.971,10.475,6.195,10.13,9.25,50.56,4.543,9.812,30.56,48.19,2.7361,5.35,14.074,34.19,0.3088,15.06,7.994,9.605,5.228
2022-04-08,1.6925,41.46,20.0,1.6015,7.632,18.4512,3.822,20.0,52.6,10.745,141.3,6.31,13.818,31.6,203.2,14.39,19.585,3.641,39.7,1.982,10.47,6.06,9.066,9.044,51.0,4.454,10.065,29.44,49.21,2.8026,5.402,13.766,35.03,0.3091,14.525,8.252,9.658,5.174
2022-04-01,1.547,41.88,21.28,1.6165,7.888,19.5555,3.768,21.28,52.65,10.73,145.55,6.104,13.414,30.94,199.55,14.29,21.11,3.367,44.84,2.105,10.225,5.855,9.086,9.39,50.72,4.906,10.4,31.53,46.11,2.9394,5.272,14.79,38.65,0.322,13.89,7.872,10.002,5.024
2022-03-25,1.5175,37.22,20.89,1.5615,7.722,20.0952,3.568,20.89,52.4,10.255,128.65,5.824,13.464,29.38,192.1,13.84,19.42,3.321,46.04,2.033,9.824,5.666,9.46,9.064,49.67,4.8,10.41,30.16,45.4,2.6809,5.098,14.434,40.195,0.3323,14.25,7.416,9.505,4.909
2022-03-18,1.492,37.8,21.03,1.58,7.642,20.3661,3.6,21.03,54.1,10.04,138.2,5.76,12.728,30.16,189.05,14.03,18.775,3.368,47.1,2.086,9.926,5.544,8.76,9.29,51.1,4.849,10.075,31.02,45.65,2.6382,4.925,14.664,38.74,0.2991,12.645,7.056,9.693,4.629
2022-03-11,1.529,35.84,19.655,1.418,7.062,18.1865,3.164,19.655,46.94,9.22,122.85,5.728,13.036,29.2,175.5,13.545,17.17,3.371,41.9,1.9194,9.31,5.592,9.132,8.164,47.97,4.529,9.666,29.48,43.53,2.4344,4.959,13.496,34.99,0.2888,12.925,7.048,9.246,4.264
2022-03-04,1.4525,36.2,19.52,1.4025,6.5,15.9403,2.936,19.52,43.6,9.106,125.45,5.67,12.854,26.76,180.6,12.8,16.23,3.185,43.48,1.8962,8.97,5.388,7.558,7.872,45.02,4.326,9.08,27.75,42.05,2.3772,4.79,13.822,33.995,0.2496,11.55,7.178,9.0,3.857
2022-02-25,1.574,37.4,21.77,1.844,7.672,18.1574,3.71,21.77,51.75,9.812,128.35,6.549,13.78,26.54,190.45,14.855,17.89,3.37,48.46,2.4775,8.9,5.76,6.95,9.374,54.7,5.19,10.37,29.42,44.65,2.5416,4.95,16.884,38.295,0.3814,11.14,7.172,12.58,4.64
2022-02-18,1.568,35.54,23.21,2.059,8.292,19.5784,4.238,23.21,52.6,10.57,117.3,6.435,13.47,24.06,194.5,15.985,18.54,3.349,47.22,2.722,8.758,5.63,6.6,10.205,55.08,5.758,11.035,28.84,46.2,2.8014,4.812,16.692,38.24,0.4063,11.305,6.742,14.632,5.024
2022-02-11,1.585,35.35,23.74,2.057,8.56,21.7747,4.11,23.74,52.15,10.645,123.2,6.394,13.528,24.48,194.95,15.705,18.62,3.452,50.65,2.8535,8.72,5.668,6.53,10.47,55.52,6.012,11.01,28.04,45.4,2.9118,4.708,16.77,40.0,0.4247,11.685,6.642,15.69,5.032
2022-02-04,1.64,36.31,23.66,1.957,8.66,19.2742,3.81,23.66,52.5,11.03,131.6,6.639,13.48,24.88,200.0,14.915,18.405,3.623,52.25,2.667,9.222,5.686,6.146,10.025,58.0,6.04,11.195,28.23,47.35,2.9959,4.83,16.462,38.84,0.4169,11.42,6.758,14.97,4.845
2022-01-28,1.6875,35.87,23.13,1.8405,8.426,18.7116,3.688,23.13,51.0,10.83,135.1,6.752,13.574,25.06,200.5,14.585,18.265,3.63,53.05,2.597,9.292,5.854,6.46,10.035,55.44,6.16,11.405,28.67,49.51,4.8572,4.904,17.068,39.995,0.4069,10.87,6.884,13.746,4.906
2022-01-21,1.648,38.72,25.2,1.882,8.738,18.8366,3.734,25.2,53.85,11.395,142.85,6.905,13.106,25.48,207.6,15.34,18.27,3.48,55.6,2.552,9.634,5.838,6.8,10.11,57.94,6.44,11.485,30.95,51.5,5.0141,5.084,18.128,40.65,0.4193,10.36,6.936,13.18,4.925
2022-01-14,1.6655,40.52,26.08,1.955,9.112,18.8116,3.956,26.08,54.1,11.485,146.1,6.807,13.16,25.66,213.4,15.805,18.44,3.534,57.3,2.562,9.566,5.898,6.762,10.385,56.86,6.676,11.6,33.29,53.94,5.0304,5.112,18.974,42.965,0.4513,10.26,6.848,13.54,4.99
2022-01-07,1.665,43.58,24.81,1.9095,8.844,19.3076,3.79,24.81,60.8,12.04,154.8,6.909,12.79,27.56,225.1,15.605,18.57,3.572,61.9,2.4515,10.05,5.77,6.35,10.385,61.24,6.426,11.555,33.09,54.36,4.915,5.174,18.002,44.385,0.4545,9.798,6.862,14.248,4.853
2021-12-31,1.72,47.45,24.68,1.823,8.68,18.5866,3.698,24.68,60.7,12.855,167.45,7.046,12.22,28.44,227.5,15.435,18.63,3.661,64.45,2.274,10.68,6.052,6.3,10.11,64.02,6.108,11.54,33.11,56.5,4.6313,5.3,16.686,43.76,0.4342,9.21,7.114,13.544,4.779
2021-12-24,1.6805,45.44,23.97,1.762,8.448,18.7783,3.71,23.97,56.95,12.74,161.65,6.916,12.24,28.4,223.7,15.08,18.635,3.6,62.5,2.251,10.51,5.894,6.266,9.886,62.96,6.096,11.36,33.09,55.76,4.551,5.208,16.598,42.94,0.4373,9.13,7.14,13.508,4.714
2021-12-17,1.686,44.08,23.78,1.776,8.398,19.3201,3.602,23.78,55.6,12.65,158.85,6.746,12.052,28.28,227.3,15.18,18.495,3.569,61.0,2.2055,10.445,5.822,6.092,10.035,63.22,5.98,11.225,31.57,55.52,4.3891,5.166,16.414,41.39,0.4398,9.028,7.016,13.122,4.681
2021-12-10,1.7865,41.78,24.11,1.732,8.49,18.7741,3.516,24.11,56.15,12.96,180.0,6.69,12.206,28.38,229.2,15.675,18.5,3.557,62.85,2.2155,10.175,5.796,5.998,10.04,66.06,5.97,11.05,32.8,53.56,4.4631,5.134,16.49,42.435,0.441,8.918,6.81,12.876,4.709
2021-12-03,1.7275,41.9,24.3,1.698,8.44,18.5074,3.488,24.3,55.95,12.67,176.7,6.526,12.01,28.36,229.3,15.4,18.19,3.417,60.05,2.1465,10.13,5.636,5.982,9.806,65.14,5.546,11.145,32.67,53.44,4.4832,5.04,15.744,41.885,0.4644,8.96,6.572,11.13,4.65
2021-11-26,1.71,42.2,24.21,1.697,8.324,17.6906,3.376,24.21,55.35,12.855,187.3,6.816,11.53,29.0,231.4,15.515,17.66,3.37,59.0,2.1565,10.3,5.506,6.064,9.582,62.72,5.462,11.075,32.96,54.76,4.4656,4.945,15.566,41.915,0.4805,8.842,6.46,10.494,4.6
2021-11-19,1.8165,44.55,26.19,1.7965,8.784,19.3367,3.52,26.19,60.1,13.325,188.9,6.95,12.168,29.52,239.7,17.03,18.285,3.578,62.8,2.384,10.095,5.55,6.194,10.56,67.8,5.774,12.065,34.87,56.52,4.6351,5.016,17.514,45.79,0.3465,9.492,6.714,10.968,4.944
2021-11-12,1.8535,45.8,26.49,1.911,9.078,20.9203,3.724,26.49,63.45,12.92,188.0,7.099,12.512,30.76,228.0,17.305,19.135,3.608,61.55,2.4715,9.988,5.602,6.55,10.84,67.66,5.76,12.245,34.03,56.46,4.9313,5.018,17.876,44.8,0.3238,10.335,6.68,11.526,5.0
2021-11-05,1.855,45.76,25.44,1.933,8.942,21.2746,3.956,25.44,60.25,12.79,182.5,7.294,12.672,30.7,228.8,17.15,19.105,3.673,67.55,2.4835,9.742,5.734,6.522,10.815,67.6,5.6,12.5,33.83,56.54,4.8748,5.1,17.718,44.06,0.3412,10.62,6.678,11.518,5.01
2021-10-29,1.818,43.95,24.89,1.8945,8.706,21.4829,3.756,24.89,52.4,12.28,195.35,7.236,12.404,31.22,205.0,16.515,18.85,3.537,63.75,2.4575,9.556,5.49,6.338,10.315,62.12,5.312,12.34,32.7,54.12,4.7606,4.897,17.25,40.895,0.3081,9.63,6.442,11.424,4.97
2021-10-22,1.9335,43.69,24.75,2.053,8.85,22.3373,3.908,24.75,51.3,12.905,188.9,7.127,12.078,30.3,191.65,16.635,18.615,3.598,61.1,2.4515,9.57,5.6,6.544,10.33,61.02,5.06,12.485,32.22,52.48,5.5977,4.868,16.85,37.92,0.3305,9.862,6.446,11.532,4.965
2021-10-15,1.845,41.54,23.62,2.031,9.862,22.7123,3.854,23.62,49.52,12.93,180.1,6.919,12.208,27.52,192.15,16.62,18.79,3.485,59.5,2.575,9.832,5.46,6.726,10.12,58.8,5.084,12.425,31.26,51.08,5.5124,4.77,17.206,36.535,0.3369,9.876,6.282,11.804,5.218
2021-10-08,1.7985,41.3,23.64,2.065,9.658,23.3374,3.738,23.64,47.04,12.415,172.1,6.919,11.858,26.48,184.5,15.805,18.795,3.435,57.35,2.5175,9.466,5.55,7.086,10.22,56.44,4.994,12.18,29.46,48.89,5.3869,4.789,16.674,36.025,0.3433,9.586,6.244,11.994,5.284
2021-10-01,1.769,40.79,23.79,1.9795,9.5,22.8061,3.714,23.79,47.82,12.1,175.15,6.729,11.482,25.88,179.75,15.395,18.41,3.535,55.7,2.449,9.606,5.474,7.15,10.54,54.2,5.08,11.905,30.17,49.37,5.3944,4.778,16.268,37.31,0.3377,9.08,6.244,11.476,5.106
2021-09-24,1.789,44.98,24.26,1.834,9.128,22.5977,3.67,24.26,49.52,12.145,195.85,7.018,10.932,26.0,184.75,15.95,18.33,3.583,58.95,2.4245,9.768,5.658,6.86,10.1,55.0,5.26,11.93,32.04,50.86,5.2312,4.858,16.788,39.495,0.3514,8.61,6.412,10.984,4.982
2021-09-17,1.7955,42.5,24.19,1.7885,8.904,22.8999,3.612,24.19,47.96,12.055,202.6,6.959,10.942,25.36,184.4,15.82,17.685,3.639,59.15,2.374,9.836,5.676,6.7,9.976,53.02,5.176,11.74,31.67,50.6,4.9915,4.921,16.81,38.865,0.3607,8.392,6.518,10.694,4.875
2021-09-10,1.8255,43.15,23.54,1.8045,8.708,23.202,3.692,23.54,49.48,11.94,206.2,7.375,10.544,25.5,186.0,15.16,17.43,3.583,58.9,2.3465,9.756,5.52,6.778,9.662,55.18,5.12,11.46,32.58,52.9,4.9978,4.876,16.704,38.255,0.3579,8.302,6.542,10.754,4.83
2021-09-03,1.8395,44.12,23.7,1.8455,8.746,23.3583,3.83,23.7,49.32,11.91,201.9,7.722,10.53,25.64,184.3,15.385,17.32,3.67,59.35,2.3875,9.992,5.624,6.958,9.886,54.02,5.124,11.425,32.46,55.46,4.9614,4.937,17.13,37.895,0.3698,8.492,6.694,10.856,4.962
2021-08-27,1.878,43.68,23.66,1.836,8.746,23.2853,3.89,23.66,50.4,11.67,189.45,7.679,10.428,24.46,183.1,15.99,17.15,3.677,59.4,2.378,10.09,5.634,6.906,9.966,54.34,5.194,11.63,31.91,56.14,5.0041,4.983,17.164,37.295,0.3829,8.624,6.692,10.676,5.044
2021-08-20,1.9235,43.8,23.17,1.75,8.582,23.3374,3.698,23.17,49.42,11.59,188.15,8.001,10.062,25.54,181.5,15.735,17.065,3.759,57.2,2.369,10.065,5.972,6.692,9.856,53.92,5.186,11.41,31.58,57.44,4.802,5.258,17.14,36.385,0.3801,8.154,7.168,10.168,4.867
2021-08-13,1.89,42.82,23.14,1.8275,8.794,24.1918,3.814,23.14,54.75,12.215,177.85,7.889,10.518,24.82,192.1,16.18,17.375,3.695,56.65,2.448,9.952,5.898,7.012,9.988,61.88,5.446,11.685,32.24,56.84,5.0932,5.258,18.61,36.49,0.3912,8.78,7.01,10.648,4.833
2021-08-06,1.817,41.9,22.27,1.808,8.52,24.8898,3.806,22.27,54.85,11.925,173.45,7.759,10.302,24.1,187.55,15.95,16.88,3.564,54.1,2.3985,9.692,5.732,6.816,10.0,58.62,5.45,11.525,30.85,53.8,4.925,5.116,17.874,35.95,0.3812,8.794,6.81,10.408,4.634
2021-07-30,1.7905,41.68,21.72,1.6465,8.304,24.4001,3.718,21.72,52.3,11.86,171.15,7.78,10.024,26.36,183.85,15.115,16.85,3.588,52.65,2.3315,9.538,5.714,6.636,9.886,58.0,5.098,11.17,30.22,52.18,4.8597,5.104,16.19,34.525,0.3709,8.576,6.704,10.108,4.49
2021-07-23,1.763,41.37,21.75,1.6145,8.22,23.775,3.63,21.75,51.55,11.495,172.35,8.05,9.669,25.78,179.2,14.42,16.735,3.54,52.55,2.285,10.035,5.636,6.4,9.92,59.6,5.09,11.21,29.73,51.24,4.8911,5.01,15.752,33.23,0.3717,8.538,6.696,9.655,4.428
2021-07-16,1.7215,40.57,20.84,1.6355,8.104,22.6602,3.486,20.84,49.66,11.18,163.05,8.01,9.832,25.08,175.85,14.355,16.735,3.453,51.5,2.232,9.912,5.58,6.328,9.73,56.74,4.892,10.875,30.42,50.54,4.8246,4.972,15.686,32.17,0.3881,8.526,6.602,9.4,4.358
2021-07-09,1.696,38.07,20.69,1.764,8.166,23.2749,3.708,20.69,51.05,11.18,160.65,7.924,10.08,25.56,176.0,14.95,16.885,3.38,51.2,2.284,9.702,5.544,6.776,9.752,56.36,4.972,10.995,30.52,50.2,4.9714,4.892,16.486,32.14,0.3914,9.002,6.422,9.745,4.388
2021-07-02,1.7405,41.6,20.44,1.8335,8.236,23.8792,3.64,20.44,50.95,11.33,158.3,7.851,10.398,25.16,173.95,14.7,17.0,3.526,50.55,2.336,9.506,5.568,6.94,9.856,57.32,4.935,11.18,30.45,48.67,5.2187,4.928,16.698,31.43,0.4245,9.362,6.29,10.01,4.449
2021-06-25,1.774,41.27,20.59,1.902,8.46,24.3793,3.7,20.59,49.5,11.405,156.1,8.009,10.556,25.14,170.45,14.8,17.015,3.527,50.5,2.3855,9.736,5.566,6.972,9.976,57.72,5.008,11.39,30.51,48.27,5.299,4.88,17.062,30.8,0.4216,9.486,6.284,10.422,4.36
2021-06-18,1.7905,40.17,20.3,1.922,8.214,24.5772,3.654,20.3,49.74,11.075,153.9,8.054,10.314,25.48,169.1,14.035,16.89,3.663,49.56,2.344,9.808,5.652,6.98,9.81,58.1,5.04,11.695,29.02,48.17,5.4044,5.076,16.464,30.445,0.4364,9.186,6.516,10.022,4.312
2021-06-11,1.766,39.57,20.72,2.031,8.218,25.9212,3.86,20.72,47.46,11.155,149.6,8.022,10.582,25.3,174.0,13.98,17.14,3.664,50.2,2.425,9.578,5.606,7.208,9.884,56.84,5.162,11.985,29.15,47.61,5.5676,4.994,17.15,31.41,0.4515,9.604,6.462,10.78,4.569
2021-06-04,1.7325,39.22,20.46,2.022,8.052,26.14,4.14,20.46,48.96,10.7,141.4,7.931,10.38,25.14,178.95,13.88,17.085,3.572,50.3,2.4805,9.236,5.51,7.154,10.015,58.3,5.106,11.8,29.47,46.12,5.658,4.9,17.166,30.57,0.4465,9.628,6.352,10.494,4.592
2021-05-28,1.7135,38.59,20.22,2.037,7.932,25.8483,4.032,20.22,49.02,10.535,144.25,8.143,10.094,25.04,173.1,13.67,16.845,3.485,46.04,2.409,9.19,5.428,7.17,9.776,58.04,4.84,11.505,28.33,45.79,5.1183,4.83,16.106,30.63,0.4397,9.356,6.27,10.494,4.536
2021-05-21,1.766,36.44,20.86,1.9945,7.848,25.2128,3.944,20.86,45.14,10.47,144.15,8.188,10.284,24.88,173.15,13.63,17.66,3.506,45.74,2.374,9.352,5.794,6.936,9.728,53.58,4.695,11.5,28.57,46.49,5.1082,4.845,15.316,29.68,0.4415,9.46,6.306,10.234,4.96
2021-05-14,1.712,33.5,20.96,2.005,7.884,24.8585,3.9,20.96,43.84,10.105,138.0,8.204,10.43,23.3,163.25,14.185,17.64,3.407,44.5,2.3875,9.4,5.524,6.962,9.728,51.6,4.684,11.12,28.78,44.2,5.1534,4.796,14.856,29.19,0.4361,9.778,6.234,10.208,4.905
2021-05-07,1.6785,35.83,20.15,1.9235,8.016,24.9211,3.69,20.15,43.86,10.28,140.8,8.268,10.32,24.8,165.5,14.145,17.37,3.407,44.28,2.362,9.528,5.53,6.908,9.526,51.26,4.661,11.0,26.45,45.02,5.0605,4.789,14.942,30.945,0.4183,9.542,6.184,9.35,4.816
2021-04-30,1.627,35.13,19.915,1.898,7.772,23.6812,3.5,19.915,42.36,9.812,141.25,8.267,9.93,24.86,178.15,14.32,16.685,3.345,44.3,2.321,9.7,5.422,6.794,9.402,51.02,4.677,10.9,26.05,45.84,4.8233,4.68,13.824,31.145,0.4563,8.958,6.13,8.562,4.555
2021-04-23,1.593,35.83,19.725,1.817,7.816,23.9625,3.048,19.725,43.2,10.06,152.55,8.735,10.102,25.62,178.0,13.835,16.825,3.363,44.74,2.221,9.64,5.44,6.934,9.114,51.34,5.002,10.85,27.13,46.54,5.5174,4.685,14.39,32.2,0.439,8.88,6.178,8.085,4.666
2021-04-16,1.56,35.39,20.04,1.8915,7.826,24.4418,3.006,20.04,41.34,9.986,153.2,8.659,10.35,24.82,176.9,14.345,17.12,3.303,44.44,2.2955,9.446,5.402,7.04,9.396,51.5,5.01,10.775,27.55,45.72,5.7508,4.683,15.262,32.67,0.4455,9.166,6.144,8.519,4.823
2021-04-09,1.5415,33.07,19.765,1.87,7.854,23.9105,2.828,19.765,38.86,9.75,139.6,8.594,10.2,25.14,174.0,13.97,16.965,3.267,43.18,2.2535,9.454,5.4,7.07,9.334,50.36,4.906,10.795,26.7,45.46,5.7283,4.673,14.8,33.28,0.4339,9.18,6.136,8.557,4.641
2021-04-02,1.549,32.4,19.425,1.9015,8.024,24.6918,2.9,19.425,37.74,9.558,139.75,8.435,10.57,25.42,178.05,13.955,17.03,3.25,43.5,2.318,9.434,5.524,7.018,9.464,49.7,4.994,10.91,28.02,46.88,5.8789,4.753,15.136,33.085,0.4594,9.664,6.414,9.015,4.76
2021-03-26,1.5525,32.22,19.195,1.918,8.005,23.9625,2.85,19.195,37.1,9.616,139.0,8.427,10.232,25.44,173.4,13.93,16.925,3.326,42.7,2.2975,9.31,5.515,6.8,9.49,47.95,4.97,10.55,26.98,45.17,5.8613,4.711,14.638,32.27,0.4519,9.51,6.482,9.083,4.636
2021-03-19,1.4835,30.93,19.065,1.956,8.005,24.4835,2.85,19.065,37.8,9.612,143.1,8.306,10.174,23.76,164.1,14.4,16.73,3.13,42.84,2.314,9.055,5.33,7.572,9.434,49.44,5.094,10.34,25.57,45.21,5.9366,4.628,14.85,30.82,0.43,9.324,6.166,9.184,4.742
2021-03-12,1.478,31.96,19.18,1.97,7.77,24.546,2.622,19.18,38.88,9.804,139.6,8.255,10.418,25.38,162.3,14.68,16.905,3.112,43.76,2.2805,8.73,5.24,7.43,9.414,52.04,4.903,10.275,25.6,44.53,6.1249,4.51,14.6419,29.68,0.4527,9.916,6.012,9.16,4.68
2021-03-05,1.386,30.04,19.2,1.854,7.4,25.0461,2.45,19.2,33.36,9.494,162.0,7.873,10.062,22.9,154.7,14.445,16.005,2.926,39.5,2.1945,8.2,4.922,6.748,9.066,49.55,4.75,9.85,26.11,43.35,5.9165,4.29,12.9781,28.47,0.4,9.576,5.712,8.925,4.43
2021-02-26,1.3945,33.0,19.01,1.8145,7.225,25.1711,2.386,19.01,34.12,9.378,162.4,7.844,9.482,23.72,161.5,14.57,15.55,2.954,38.04,2.134,8.615,4.882,6.63,8.618,51.3,4.775,9.404,26.69,42.14,5.8186,4.296,12.7429,31.99,0.3929,8.646,5.768,8.54,4.304
2021-02-19,1.45,34.94,19.86,1.861,7.4,26.6088,2.424,19.86,34.8,9.684,169.5,8.196,9.198,25.7,163.75,14.85,15.58,3.058,39.98,2.1085,8.71,5.01,6.59,9.08,53.32,4.708,9.398,26.74,43.8,6.4085,4.363,12.6917,34.62,0.3776,7.236,5.934,8.346,4.238
2021-02-12,1.512,37.49,20.0,1.862,7.645,27.0048,2.49,20.0,35.18,9.78,185.6,8.468,8.879,26.04,168.75,15.065,15.665,3.12,40.92,2.096,9.28,5.165,6.054,8.886,51.24,4.681,9.678,28.4,44.63,6.2479,4.472,12.5835,35.36,0.3801,7.11,6.17,8.396,4.418
2021-02-05,1.462,36.23,19.415,1.778,7.455,24.1501,2.314,19.415,34.54,9.668,179.1,8.447,8.611,25.9,168.1,14.6,15.535,3.038,39.56,2.061,9.055,5.115,6.032,8.2,50.84,4.676,9.22,28.18,44.88,5.9818,4.482,12.6765,33.72,0.3814,6.928,6.192,8.459,4.148
2021-01-29,1.34,32.73,17.36,1.5195,6.545,21.5038,2.026,17.36,33.04,8.876,180.6,8.191,8.352,25.18,172.25,12.875,14.09,2.884,37.04,1.8052,8.865,4.952,5.736,7.364,46.61,4.31,8.076,26.64,42.72,5.4421,4.328,11.8854,33.27,0.3534,6.43,5.994,7.557,3.624
2021-01-22,1.3465,33.58,17.89,1.5755,7.065,22.4414,2.134,17.89,34.38,8.814,175.0,8.345,8.542,26.82,174.85,13.305,14.51,2.846,39.88,1.8842,9.34,4.932,5.65,7.412,48.67,4.291,8.268,28.0,42.93,5.3291,4.354,12.5589,32.6,0.3577,6.29,5.984,7.749,3.77
2021-01-15,1.313,34.0,18.41,1.609,7.355,22.3998,2.188,18.41,34.18,8.724,162.6,8.859,8.831,25.32,176.05,13.685,14.365,3.06,40.3,1.902,9.265,5.08,5.86,7.47,47.35,4.338,8.352,27.8,43.67,5.8412,4.563,11.9233,32.9,0.373,6.818,6.092,7.701,3.906
2021-01-08,1.3375,33.84,17.835,1.63,7.065,23.7542,2.326,17.835,34.24,8.856,161.8,8.938,9.03,25.04,180.25,13.605,14.5,3.028,40.1,1.955,9.495,5.15,5.916,7.548,48.06,4.446,8.594,30.36,42.79,6.1073,4.65,13.7673,33.0,0.3945,7.082,6.208,8.178,4.024
2021-01-01,1.3045,34.04,17.77,1.485,7.1,21.733,2.2,17.77,35.7,9.34,170.1,8.276,8.548,23.4,188.65,13.4,14.26,2.98,40.34,1.9126,9.93,5.2,5.91,7.54,50.14,4.433,8.32,29.08,45.33,5.535,4.601,13.9058,30.55,0.3774,6.624,6.25,7.648,3.91
2020-12-25,1.267,33.24,17.885,1.48,7.055,21.8789,2.174,17.885,36.3,9.196,167.4,8.271,8.584,22.24,186.65,13.235,14.28,2.938,39.5,1.913,9.945,5.12,5.88,7.532,48.21,4.403,8.368,28.2,44.29,5.4321,4.602,13.9362,30.33,0.3818,6.714,6.164,7.692,3.878
2020-12-18,1.264,33.95,17.325,1.452,7.075,22.5456,2.178,17.325,36.12,9.256,170.7,8.16,8.621,21.0,184.15,12.795,14.38,2.95,39.4,1.9352,10.05,5.055,5.84,7.392,48.5,4.394,8.358,27.73,44.77,5.4245,4.515,13.7806,30.01,0.3794,6.726,6.124,7.721,3.968
2020-12-11,1.268,33.11,17.215,1.467,7.105,22.9624,2.202,17.215,35.62,9.38,170.5,8.049,8.808,20.5,176.75,12.96,14.085,2.88,37.4,1.9358,9.93,5.105,5.936,7.336,47.58,4.408,8.35,27.07,44.02,5.4321,4.518,12.9383,29.1,0.3831,6.8,6.078,7.824,3.808
2020-12-04,1.283,32.34,17.68,1.4725,7.42,24.2126,2.256,17.68,35.38,9.484,168.4,8.206,8.744,20.56,174.2,13.23,14.57,3.006,37.76,1.9906,10.64,5.29,6.54,7.682,43.2,4.512,8.504,27.25,43.79,5.3567,4.556,12.8529,34.1,0.3936,6.93,6.094,8.13,3.924
2020-11-27,1.315,34.28,17.81,1.511,7.765,23.5041,2.328,17.81,33.1,9.554,172.8,8.502,8.582,20.7,178.55,13.115,14.47,3.176,36.58,1.9446,10.74,5.425,5.986,7.73,41.01,4.345,8.8,26.9,45.31,5.2112,4.701,12.5456,33.24,0.4012,6.704,6.332,9.094,4.124
2020-11-20,1.225,34.21,17.65,1.4845,7.45,25.5878,2.026,17.65,32.9,9.456,173.7,8.233,8.125,20.64,178.5,12.555,14.205,3.05,36.98,1.8704,10.5,5.39,5.732,7.658,41.16,4.18,8.76,25.95,46.26,4.802,4.774,12.2174,31.11,0.3544,6.25,6.482,8.47,4.002
2020-11-13,1.2255,35.01,16.85,1.239,7.22,24.0876,1.898,16.85,28.28,9.628,173.8,8.02,7.66,21.16,174.5,12.21,13.635,3.02,35.02,1.8178,10.16,5.235,5.264,7.138,39.81,4.18,8.504,25.69,45.91,4.6514,4.538,11.5838,28.96,0.3371,5.726,6.302,8.112,3.606
2020-11-06,1.134,34.88,15.825,1.048,6.44,23.2749,1.627,15.825,27.14,9.282,201.2,7.712,6.542,21.04,174.8,12.46,12.35,2.778,35.3,1.6168,10.25,5.12,4.34,6.66,37.55,3.691,7.584,24.56,46.31,4.1795,4.38,10.658,29.0,0.3131,5.034,6.098,6.806,3.37
2020-10-30,1.0915,31.21,14.495,1.017,5.86,21.5455,1.507,14.495,25.76,8.964,188.5,6.834,6.011,19.46,153.15,11.75,11.51,2.7,32.4,1.4196,9.28,4.962,4.088,6.088,34.36,3.58,7.0,23.34,44.49,3.7841,4.19,9.9997,26.17,0.2914,4.072,5.804,6.401,3.128
2020-10-23,1.16,32.27,15.785,1.2035,6.3,24.3793,1.675,15.785,27.36,9.264,188.0,7.569,6.444,20.8,160.5,11.56,12.06,2.896,33.14,1.5612,9.125,5.16,4.766,6.568,38.94,4.11,7.592,24.96,47.75,3.685,4.344,10.529,28.61,0.3188,4.429,5.98,6.947,3.416
2020-10-16,1.1625,32.38,16.105,1.2005,6.4,24.2334,1.78,16.105,27.46,9.449,194.6,7.527,6.563,21.96,163.85,12.185,12.14,2.904,34.78,1.5558,9.18,5.17,4.764,6.64,36.8,3.682,7.73,26.28,47.25,3.6712,4.346,10.2273,29.24,0.3428,4.284,6.068,6.866,3.522
2020-10-09,1.223,31.91,16.24,1.2025,6.595,26.2129,1.851,16.24,27.68,9.365,188.0,7.524,6.862,22.68,154.85,12.265,12.51,3.048,32.9,1.679,9.285,5.135,5.1,7.176,36.39,3.853,8.016,25.79,46.71,3.9146,4.344,9.9902,29.28,0.3476,4.421,5.974,7.418,3.702
2020-10-02,1.233,31.24,15.125,1.2827,6.195,28.2758,1.867,15.125,26.22,9.367,178.1,7.468,6.497,22.28,155.4,11.81,11.935,3.158,31.62,1.5924,9.475,5.3,4.825,6.752,35.47,3.533,7.556,25.27,44.1,3.6937,4.459,9.8176,27.76,0.3398,4.248,6.03,6.949,3.674
2020-09-25,1.201,28.99,15.085,1.3233,6.15,28.5259,1.722,15.085,25.34,9.118,170.5,7.335,6.689,20.98,155.05,11.525,11.55,3.176,30.96,1.579,9.4,5.35,4.985,6.528,34.74,3.64,7.586,24.45,44.85,3.4189,4.411,9.7037,25.05,0.338,4.099,6.018,6.74,3.74
2020-09-18,1.237,30.05,16.54,1.4025,6.74,28.0049,1.844,16.54,27.16,9.382,167.4,7.42,7.388,21.26,159.1,11.855,12.325,3.266,31.74,1.7148,9.44,5.415,5.5,6.976,36.5,3.959,7.762,24.4,45.0,4.1644,4.31,9.8441,25.94,0.3535,4.649,6.022,7.564,4.02
2020-09-11,1.24,29.51,16.25,1.483,6.48,29.6719,1.827,16.25,25.88,9.134,154.7,7.66,7.599,22.14,162.0,12.285,12.84,3.266,31.46,1.7792,8.95,5.43,5.468,7.244,34.89,3.881,7.966,24.48,44.85,4.0791,4.473,9.404,25.4,0.379,4.56,6.036,8.056,4.154
2020-09-04,1.224,28.02,15.94,1.4776,6.325,29.8803,1.826,15.94,25.72,8.78,141.8,7.412,7.645,21.5,160.7,12.145,12.82,3.164,31.24,1.7786,8.2,5.28,5.66,7.168,33.77,3.698,7.692,23.49,44.38,4.2924,4.309,8.9458,23.62,0.3936,4.827,5.964,8.122,3.92
2020-08-28,1.2385,27.5,16.49,1.611,6.4,30.6721,2.054,16.49,25.84,8.471,145.8,7.64,7.962,22.16,164.4,12.83,13.24,3.2,29.12,1.825,8.25,5.36,5.834,7.438,32.4,3.642,7.85,23.86,45.4,4.5309,4.334,8.9307,25.27,0.4008,4.926,6.1,8.447,4.15
2020-08-21,1.2585,27.75,16.265,1.5433,6.47,30.5054,2.06,16.265,25.2,8.52,163.0,7.731,7.873,21.88,164.0,12.89,12.94,3.244,29.12,1.8116,8.35,5.5,5.806,6.99,32.04,3.576,7.804,22.43,45.3,4.4958,4.386,8.8472,24.34,0.3638,4.93,6.296,8.124,3.998
2020-08-14,1.2785,28.33,16.85,1.5839,6.59,29.7969,2.098,16.85,27.04,8.571,156.1,7.885,8.179,22.34,164.1,12.795,13.11,3.36,28.94,1.8516,8.505,5.67,5.988,7.134,32.88,3.719,8.01,22.54,45.07,4.8748,4.446,9.1915,24.7,0.3786,5.16,6.306,8.26,4.03
2020-08-07,1.242,28.85,16.6,1.4715,6.45,30.3387,1.953,16.6,25.0,8.499,158.6,7.815,7.806,21.58,158.2,12.56,12.705,3.152,28.0,1.8054,8.545,5.475,5.878,6.738,32.28,3.396,7.886,22.2,44.82,4.7995,4.36,8.8073,24.49,0.3747,5.084,6.136,7.731,3.874
2020-07-31,1.2135,28.95,16.05,1.4431,6.295,31.9014,1.876,16.05,24.64,8.513,166.0,7.729,7.541,20.58,151.35,12.275,12.66,3.274,27.68,1.7072,8.565,5.44,5.41,6.778,32.6,3.363,7.752,21.63,45.24,4.4995,4.5,8.1766,23.81,0.3408,4.932,6.306,7.721,3.534
2020-07-24,1.252,25.92,16.73,1.6408,6.48,36.4856,1.9,16.73,23.98,8.165,162.7,7.944,8.52,20.54,154.5,12.82,13.59,3.242,27.6,1.8154,8.975,5.245,6.144,7.08,33.62,3.619,8.148,22.85,46.96,5.5651,4.627,8.6091,25.89,0.3818,5.632,6.296,8.681,3.726
2020-07-17,1.252,25.82,16.45,1.7193,6.625,32.6099,1.918,16.45,24.8,8.106,178.2,8.427,8.813,20.94,154.1,12.84,13.69,3.326,27.86,1.8318,9.325,5.23,6.4,7.038,33.23,3.769,7.788,22.1,48.32,5.4797,4.648,8.6907,26.16,0.3905,5.75,6.386,8.81,3.704
2020-07-10,1.237,24.88,15.535,1.527,6.425,32.5057,1.858,15.535,25.2,8.143,172.9,8.03,8.492,21.18,157.0,12.55,13.495,3.208,26.92,1.7654,9.215,5.135,5.618,6.76,34.16,3.715,7.69,21.45,45.6,5.2363,4.448,8.3786,25.35,0.3447,5.576,6.124,8.52,3.57
2020-07-03,1.2825,24.34,15.365,1.4722,6.42,32.5891,1.859,15.365,25.54,7.718,171.1,7.874,8.674,20.88,153.6,12.48,13.745,3.42,26.5,1.7468,9.3,5.225,5.844,6.724,33.89,3.714,7.788,21.04,45.84,5.6404,4.386,8.4421,24.23,0.3485,5.746,6.21,8.422,3.562
2020-06-26,1.24,23.62,14.91,1.4709,6.305,32.6307,1.661,14.91,26.42,7.53,171.4,7.639,8.397,18.82,151.4,11.815,13.28,3.338,26.54,1.66,8.88,5.17,5.85,6.252,34.3,3.808,7.746,20.43,44.91,5.5074,4.308,8.1908,23.47,0.3532,5.744,6.076,7.909,3.412
2020-06-19,1.3115,23.78,15.595,1.5974,6.495,30.9846,1.59,15.595,28.42,7.712,167.4,7.6,8.874,18.84,151.7,12.105,13.615,3.48,25.3,1.6848,9.1,5.375,6.43,7.022,35.23,3.891,8.22,20.56,45.39,6.0169,4.629,8.0181,24.2,0.38,6.188,6.554,8.255,3.45
2020-06-12,1.2305,23.11,15.455,1.5426,6.295,29.5677,1.52,15.455,29.08,7.46,167.0,7.345,8.587,18.4,148.65,11.58,13.425,3.36,26.52,1.622,8.955,5.08,6.196,6.808,34.02,3.9,8.248,19.205,40.56,5.8638,4.325,7.7715,22.93,0.3534,6.254,6.042,7.942,3.354
2020-06-05,1.326,23.76,16.895,1.7179,6.765,31.0471,1.609,16.895,33.44,7.396,166.0,7.578,9.506,19.5,153.9,11.27,14.385,3.584,28.86,1.7728,9.11,5.18,7.08,7.108,35.7,4.434,8.77,20.26,41.35,6.4688,4.51,8.833,25.05,0.3612,6.796,6.268,8.919,3.71
2020-05-29,1.2475,24.95,14.9,1.4533,5.99,27.4007,1.453,14.9,29.26,7.3,188.5,6.901,8.123,19.85,151.9,10.505,12.485,3.45,26.88,1.5524,9.165,4.886,5.6,5.836,33.45,4.03,7.894,19.145,40.92,5.3593,4.184,7.5334,22.09,0.332,5.592,6.07,7.666,3.156
2020-05-22,1.1745,23.0,14.335,1.2617,5.7,21.3371,1.22,14.335,26.82,6.9,202.8,6.41,8.174,17.28,146.8,10.165,12.175,3.218,27.62,1.4446,9.38,4.776,5.182,5.172,31.23,3.577,7.442,18.8,42.16,5.3216,4.018,7.0345,21.93,0.3207,5.548,5.69,6.73,3.124
2020-05-15,1.25,22.44,14.88,1.3585,5.385,22.9415,1.285,14.88,26.8,6.904,184.2,5.761,8.52,17.33,144.9,10.06,12.56,3.09,28.0,1.3838,9.63,5.05,5.35,4.886,31.03,3.597,7.186,17.69,44.86,5.5751,3.897,6.8324,21.62,0.3608,5.784,5.538,6.213,3.014
2020-05-08,1.21,22.3,15.14,1.4472,5.36,22.9207,1.383,15.14,27.18,7.194,156.2,6.2,8.631,17.0,146.45,9.678,12.975,3.168,26.92,1.414,9.445,4.986,6.1,5.196,32.78,3.669,7.398,18.14,41.4,5.8086,4.026,7.3703,23.4,0.346,6.23,5.776,6.58,3.196
2020-05-01,1.2425,20.91,15.525,1.5243,5.57,23.2124,1.447,15.525,29.38,7.07,155.3,6.236,8.714,16.4,143.4,10.14,13.015,3.378,26.58,1.423,9.655,5.105,6.294,5.288,34.3,3.554,7.752,17.17,39.67,5.8764,4.088,7.6036,23.71,0.3616,6.394,5.72,7.029,3.144
2020-04-24,1.221,20.1,13.52,1.435,5.155,22.3164,1.428,13.52,28.82,6.672,162.6,5.9,8.25,16.98,144.05,9.212,12.37,3.272,26.5,1.3438,9.6,4.864,6.128,5.002,32.58,3.357,7.398,16.03,38.3,5.4572,3.861,6.9719,22.65,0.3373,5.918,5.588,6.688,2.938
2020-04-17,1.2495,19.72,13.58,1.5149,5.23,22.9415,1.413,13.58,27.34,6.95,144.5,6.209,8.587,16.55,148.6,8.7,12.53,3.272,25.14,1.3762,11.07,4.86,6.662,5.002,34.52,3.29,7.7,15.4,38.33,5.4948,3.826,6.9453,21.39,0.345,5.8,5.496,6.863,3.008
2020-04-10,1.2025,19.315,14.61,1.7707,5.46,24.8377,1.546,14.61,25.32,6.63,133.4,6.453,9.308,16.95,140.6,9.442,12.87,3.232,25.2,1.445,9.37,4.828,7.15,5.542,32.85,3.378,8.306,15.65,37.78,6.0496,3.937,7.0943,22.17,0.3707,6.006,5.536,7.437,3.178
2020-04-03,1.147,17.6,12.39,1.8168,4.57,23.775,1.4,12.39,25.68,6.112,117.6,6.069,9.325,17.03,126.4,8.95,12.185,3.176,22.4,1.3292,10.14,4.882,6.314,5.082,31.1,3.165,7.83,14.3,37.07,5.9592,3.931,5.881,17.94,0.3802,5.776,5.52,6.54,3.082
2020-03-27,1.0675,19.08,12.915,1.8391,4.966,23.0249,1.35,12.915,26.74,6.82,108.5,6.155,8.217,15.7,137.6,8.268,12.375,3.14,21.86,1.5666,9.4,4.571,6.04,5.162,33.13,3.325,7.852,15.7,36.35,5.6027,3.928,6.1447,18.47,0.363,5.568,5.744,7.86,2.958
2020-03-20,1.017,18.58,10.7,1.743,4.232,20.7953,1.382,10.7,25.06,6.35,111.6,5.889,7.293,13.89,131.0,7.464,10.89,3.242,21.5,1.4654,9.15,4.37,4.702,4.253,29.27,3.6,6.936,15.1,34.8,5.6429,3.756,5.8279,15.91,0.3745,5.22,5.37,7.934,2.75
2020-03-13,1.06,18.14,13.585,1.7159,5.46,23.5041,1.318,13.585,26.96,5.79,109.6,5.619,6.911,16.46,123.2,7.704,12.07,3.21,21.72,1.5544,8.17,4.419,6.082,5.178,29.7,3.504,6.744,15.155,33.55,5.1685,3.499,7.9498,18.145,0.335,4.799,4.964,7.713,2.932
2020-03-06,1.5305,23.82,16.725,2.0679,6.67,29.7969,1.754,16.725,29.36,7.405,104.3,7.891,10.234,20.86,135.0,8.974,15.24,3.886,24.74,1.9772,10.0,5.568,8.5,7.246,33.72,3.894,9.722,18.55,38.59,7.1114,4.496,9.9769,23.29,0.4321,7.34,6.02,9.952,3.909
2020-02-28,1.5745,25.76,19.2,2.4361,7.36,38.0275,2.158,19.2,30.0,7.54,102.5,7.576,11.158,21.1,141.55,9.494,16.26,3.878,27.34,2.1985,9.25,5.532,9.238,8.19,35.22,4.253,9.614,21.38,38.68,8.5723,4.471,10.6637,24.38,0.5001,8.168,5.99,11.538,4.477
2020-02-21,1.8505,29.2,22.28,2.7563,8.295,42.5075,2.504,22.28,33.08,8.55,116.3,8.444,12.764,23.02,159.8,10.725,18.43,4.412,31.52,2.5215,10.42,6.144,11.03,9.412,37.15,4.753,11.295,23.14,40.63,9.4258,5.004,11.4586,28.29,0.5342,9.374,6.65,13.184,5.266
2020-02-14,1.851,29.0,23.92,3.0426,8.445,37.2149,2.362,23.92,33.4,8.96,116.6,8.277,12.892,22.98,159.75,10.92,18.72,4.332,29.48,2.5075,10.2,6.05,11.475,9.606,38.1,4.52,10.95,23.77,40.35,9.5161,4.995,11.6312,28.95,0.5177,9.63,6.494,13.886,5.258
2020-02-07,1.8265,27.52,23.07,2.935,8.31,37.2982,2.052,23.07,32.8,9.02,114.3,8.177,12.906,22.26,153.15,11.74,18.355,4.248,27.4,2.476,9.555,6.07,11.82,9.678,38.71,4.545,10.905,22.02,40.19,9.4132,5.074,11.58,27.22,0.4948,9.396,6.474,13.906,4.763
2020-01-31,1.8025,25.68,22.19,2.8091,8.15,35.3187,1.944,22.19,32.82,8.73,111.0,7.855,12.658,21.34,152.5,10.575,17.595,4.102,25.46,2.2455,9.375,5.996,11.18,9.012,39.0,4.372,10.35,20.08,38.63,9.4082,4.837,11.1285,25.28,0.4868,9.328,6.296,12.082,4.603
2020-01-24,1.804,26.76,23.6,3.0189,8.59,37.2982,2.026,23.6,36.28,8.72,115.1,7.819,13.47,21.44,157.0,10.985,18.14,4.238,28.34,2.278,9.185,5.802,11.175,9.562,40.55,4.789,10.585,21.2,40.29,10.2918,4.878,11.5174,27.75,0.5043,10.235,6.322,12.444,4.844
2020-01-17,1.783,26.5,23.68,3.1123,8.875,35.5688,2.114,23.68,38.28,8.655,116.9,7.725,13.916,20.94,157.1,11.11,18.34,3.998,28.88,2.3365,9.35,5.768,11.115,9.75,42.7,5.07,10.285,21.61,39.49,11.0549,4.96,11.7924,25.15,0.5123,10.29,6.198,13.15,4.949
2020-01-10,1.7215,26.28,23.66,3.1272,9.0,35.8396,2.116,23.66,35.1,8.115,117.3,7.417,14.1,19.75,156.0,11.205,18.54,3.898,28.44,2.357,8.77,5.72,11.345,9.898,40.71,5.3,10.21,21.45,38.77,11.1678,4.774,12.17,24.71,0.5247,10.385,6.05,13.4,5.058
2020-01-03,1.6635,25.72,21.22,3.1082,8.775,29.0468,2.092,21.22,32.12,8.18,116.2,7.211,14.106,19.32,149.5,10.71,18.415,3.858,28.74,2.3495,8.75,5.558,10.58,9.914,40.09,5.21,10.065,21.3,38.33,11.0925,4.664,12.4052,24.59,0.5577,10.235,5.902,13.328,5.058
2019-12-27,1.698,25.8,21.2,3.0148,8.935,28.9218,2.122,21.2,32.46,8.265,116.0,7.138,14.0,19.52,152.0,10.77,18.6,3.972,28.24,2.355,8.81,5.63,10.535,9.9,40.63,5.202,10.245,21.91,38.2,10.9971,4.7,12.7391,24.33,0.5621,10.09,6.002,13.118,5.238
2019-12-20,1.703,25.82,21.5,3.0568,8.965,29.1718,2.096,21.5,31.92,8.255,118.2,7.206,13.974,19.86,151.0,10.87,18.975,4.042,27.92,2.405,8.975,5.666,10.655,10.09,40.89,5.208,10.43,22.0,38.2,10.6784,4.722,12.9478,24.35,0.5743,10.17,6.004,13.46,5.396
2019-12-13,1.636,25.1,21.52,3.0257,9.065,29.4844,2.136,21.52,32.06,8.06,116.0,6.925,13.604,19.45,147.5,10.99,18.34,3.84,28.22,2.328,8.78,5.436,10.535,9.934,40.9,5.224,10.17,21.17,36.39,10.5277,4.442,12.6405,24.57,0.5503,10.185,5.662,13.086,5.226
2019-12-06,1.637,26.2,22.44,3.0162,9.205,29.276,2.086,22.44,33.32,8.195,123.8,6.775,13.77,19.25,150.8,11.32,18.21,3.884,27.88,2.3135,8.855,5.47,10.615,10.075,42.2,5.142,10.315,21.44,36.53,10.593,4.355,12.5798,22.99,0.554,9.908,5.606,12.75,5.284
2019-11-29,1.7075,26.56,22.9,2.9749,9.215,30.7346,2.146,22.9,33.62,8.285,121.3,6.856,13.714,19.87,153.4,11.26,18.53,4.004,28.36,2.3005,9.19,5.704,10.615,10.15,39.77,5.15,10.59,20.69,38.07,10.4173,4.512,12.7296,22.3,0.5682,9.652,5.83,12.562,5.32
2019-11-22,1.713,25.0,23.01,3.027,9.115,30.5679,2.07,23.01,29.64,8.275,119.1,6.75,13.996,18.37,149.45,11.475,18.655,3.968,26.54,2.3435,8.82,5.704,10.895,10.28,37.31,5.18,10.93,19.825,37.42,10.7537,4.506,12.6765,21.75,0.5842,9.856,5.73,12.44,5.298
2019-11-15,1.7675,25.04,22.76,2.9553,8.62,30.7346,2.094,22.76,30.18,8.335,110.7,6.862,14.22,18.97,151.05,11.465,19.17,3.982,27.02,2.338,9.02,5.834,11.48,10.645,36.56,5.322,11.16,19.635,37.9,11.0549,4.626,13.7825,22.0,0.5441,9.902,5.92,12.44,5.358
2019-11-08,1.804,23.82,20.5,2.8558,8.395,30.8388,1.861,20.5,29.4,8.27,104.6,6.866,14.19,18.17,149.6,11.01,19.18,3.848,27.32,2.343,8.82,5.896,11.255,10.435,37.64,5.448,10.84,21.3,37.48,11.1402,4.587,13.8812,21.62,0.538,10.02,5.95,12.61,5.292
2019-11-01,1.8015,23.1,18.61,2.7075,7.71,30.2553,1.811,18.61,28.84,8.22,101.1,6.931,13.704,18.9,144.45,10.38,18.375,3.826,24.98,2.273,9.305,5.788,10.535,10.735,35.17,5.24,11.03,21.2,37.0,10.4399,4.63,13.2893,20.75,0.5253,9.826,5.936,11.524,5.048
2019-10-25,1.6855,21.3,18.26,2.7332,7.675,30.9429,1.797,18.26,27.66,8.18,97.05,6.88,14.04,18.45,140.25,10.16,18.355,3.756,25.1,2.2725,9.31,5.73,10.53,10.845,36.17,5.59,10.86,20.49,36.86,10.8039,4.553,11.2385,20.21,0.533,9.404,5.886,11.534,4.986
2019-10-18,1.675,22.22,17.425,2.6507,7.515,31.5055,1.81,17.425,28.12,8.09,99.55,6.768,13.78,18.13,140.05,10.055,18.195,3.794,25.1,2.2345,9.48,5.678,10.245,10.62,32.17,5.406,10.765,20.2,37.35,10.4198,4.546,11.2461,19.0,0.5354,9.3,5.818,11.5,5.006
2019-10-11,1.698,21.34,16.795,2.4625,7.19,30.9013,1.681,16.795,26.8,8.485,99.25,6.8,13.836,18.04,139.9,9.798,18.065,3.768,27.82,2.186,9.56,5.756,10.45,10.09,34.48,5.406,10.58,19.935,37.3,10.4926,4.546,11.2518,19.2,0.536,9.634,5.692,10.924,4.95
2019-10-04,1.689,21.46,16.48,2.3535,6.94,31.3597,1.66,16.48,28.0,8.35,106.7,6.754,13.544,18.29,136.7,9.646,17.65,3.784,27.42,2.0955,9.345,5.868,10.345,9.778,32.54,5.118,9.98,18.72,36.82,10.0383,4.595,10.6902,17.885,0.4976,9.228,5.8,10.208,4.696
2019-09-27,1.6675,22.7,17.23,2.3847,6.895,31.3597,1.67,17.23,28.8,8.25,105.5,6.786,14.054,18.57,140.25,9.618,17.86,3.72,28.8,2.1605,9.335,5.888,10.82,9.976,32.89,5.54,10.26,19.545,39.35,10.4499,4.605,11.2556,17.79,0.5197,9.79,5.808,10.804,4.847
2019-09-20,1.6215,22.22,17.515,2.4469,7.0,33.7559,1.807,17.515,27.96,8.19,104.8,6.576,14.552,18.75,138.7,9.918,17.845,3.644,28.78,2.166,9.08,5.694,11.05,9.972,32.62,5.664,10.18,20.17,39.8,11.1051,4.474,11.7014,17.73,0.5226,10.025,5.65,11.17,4.813
2019-09-13,1.625,21.76,17.12,2.4388,7.01,34.0268,1.867,17.12,29.1,8.345,102.4,6.592,14.044,18.07,138.85,9.85,17.475,3.536,28.98,2.182,9.04,5.634,11.87,9.65,35.1,5.66,10.185,21.01,38.19,11.4364,4.5,11.9158,18.265,0.521,10.235,5.662,11.456,4.823
2019-09-06,1.6465,23.28,16.88,2.2628,6.74,33.0475,1.705,16.88,28.4,8.655,106.2,6.62,13.77,18.25,148.5,9.75,17.105,3.634,27.28,2.067,9.24,5.854,11.31,9.466,35.96,5.132,10.075,20.24,39.96,11.0599,4.59,11.9556,17.415,0.4966,9.99,5.706,10.632,4.589
2019-08-30,1.599,23.36,16.025,2.1816,6.58,30.2136,1.7,16.025,28.24,8.525,107.7,6.594,13.68,17.61,143.2,9.378,16.47,3.628,25.94,1.9932,9.09,5.9,11.13,9.01,34.09,4.725,9.772,19.905,39.86,10.8541,4.599,11.229,16.11,0.4844,9.914,5.71,10.06,4.57
2019-08-23,1.5635,23.14,15.96,2.0631,6.48,27.234,1.691,15.96,29.26,8.165,105.8,6.223,13.142,17.19,137.95,8.976,16.165,3.498,25.08,1.9032,9.07,5.716,9.994,8.67,34.42,4.673,9.4,18.755,39.98,10.2843,4.429,10.7111,15.61,0.4526,9.736,5.576,9.453,4.528
2019-08-16,1.5675,22.3,15.595,2.0834,6.3,28.3383,1.637,15.595,27.46,7.84,106.0,6.285,13.04,16.9,140.05,8.656,15.98,3.466,24.5,1.882,9.1,5.674,10.095,8.508,33.86,4.516,9.234,17.725,38.8,10.096,4.487,10.4853,15.805,0.4451,9.484,5.432,9.531,4.313
2019-08-09,1.5525,22.1,16.05,2.166,6.26,24.7752,1.7,16.05,28.18,7.83,106.5,6.036,13.192,17.23,140.1,8.944,15.99,3.37,24.94,1.8748,9.255,5.598,9.98,8.5,35.3,4.645,8.994,18.505,39.18,10.2918,4.358,11.0089,15.68,0.4602,10.12,5.318,9.4,4.323
2019-08-02,1.606,22.18,16.68,2.3055,6.66,27.1923,1.876,16.68,28.14,8.32,106.3,6.198,13.68,17.53,142.9,8.912,16.615,3.402,25.0,1.9526,9.175,5.842,10.715,8.9,36.26,5.016,9.642,18.915,39.61,10.7411,4.478,11.1076,15.805,0.4996,10.655,5.624,10.398,4.606
2019-07-26,1.6065,21.08,17.28,2.4212,6.6,29.9428,1.915,17.28,29.72,8.53,101.9,6.21,14.338,17.77,148.55,9.482,16.91,3.424,26.04,2.01,8.845,5.886,11.685,9.33,38.99,5.608,9.406,19.55,40.19,11.5845,4.536,11.7128,17.415,0.517,11.33,5.584,11.354,4.729
2019-07-19,1.5955,21.18,16.905,2.537,6.62,31.5264,1.919,16.905,30.3,8.535,101.3,6.288,14.22,18.06,148.65,9.714,16.9,3.426,25.94,2.008,8.615,5.99,11.305,9.2,38.21,5.186,9.4,18.7,39.62,10.6784,4.518,11.3884,16.315,0.4911,11.15,5.592,11.226,4.527
2019-07-12,1.608,20.66,17.52,2.5931,6.68,35.4854,1.992,17.52,31.78,8.68,102.7,6.451,14.826,18.89,148.0,10.195,17.135,3.508,26.14,2.051,8.965,6.208,11.655,9.392,38.48,5.678,9.658,18.685,38.5,11.3988,4.624,11.9252,15.835,0.5013,12.155,5.762,11.54,4.605
2019-07-05,1.5745,20.58,17.445,2.6378,6.65,32.5474,2.07,17.445,30.98,8.8,103.0,6.4,14.55,18.22,147.3,10.69,17.015,3.494,27.52,2.032,8.9,6.04,11.465,9.426,38.51,5.3,9.714,18.445,37.59,11.0273,4.46,11.9879,15.75,0.4963,11.665,5.76,11.55,4.511
2019-06-28,1.526,20.56,16.93,2.4253,6.475,22.4623,1.949,16.93,29.66,8.615,102.1,6.14,14.606,18.0,142.8,9.81,16.56,3.364,27.06,1.882,8.63,5.908,11.145,9.066,37.6,5.198,9.26,18.15,36.66,10.9821,4.371,11.635,15.6,0.4802,11.51,5.6,10.826,4.283
2019-06-21,1.574,21.1,16.745,2.4781,6.325,22.2539,2.032,16.745,29.26,8.965,102.5,6.232,14.606,18.55,143.25,9.794,16.68,3.508,27.22,1.875,8.515,6.1,10.99,8.882,37.41,5.502,9.514,18.18,37.39,11.0699,4.794,11.6767,14.99,0.5009,11.485,6.01,10.626,4.238
2019-06-14,1.503,21.1,15.965,2.3244,6.07,21.0662,1.948,15.965,28.78,8.76,103.5,6.07,13.944,18.0,136.0,9.046,16.135,3.344,26.62,1.8374,8.31,5.928,10.78,8.526,35.05,5.292,9.268,16.93,37.05,10.4549,4.718,11.2309,14.155,0.4581,10.8,5.766,10.13,4.184
2019-06-07,1.506,20.1,14.995,2.2391,6.22,21.1912,2.0,14.995,28.64,8.78,101.1,5.891,13.96,17.38,132.85,9.3,15.855,3.362,27.3,1.8328,8.03,5.944,10.535,8.434,34.7,5.19,9.102,16.605,38.1,10.583,4.727,11.0696,14.15,0.4478,10.735,5.74,10.02,4.134
2019-05-31,1.4595,19.86,14.875,2.2906,5.97,21.7538,2.076,14.875,28.16,8.745,91.55,5.57,13.58,17.41,127.6,9.276,15.715,3.25,26.16,1.8338,8.065,5.668,9.942,8.272,33.0,5.106,8.7,14.93,37.0,9.6216,4.504,10.8496,13.695,0.4398,10.55,5.466,10.188,4.131
2019-05-24,1.504,19.82,15.095,2.3928,6.075,23.1082,2.06,15.095,29.38,9.085,96.1,5.789,14.054,17.64,128.0,9.75,16.275,3.302,27.48,1.9188,8.04,5.782,10.09,8.63,34.97,5.324,8.92,15.56,36.69,9.8977,4.702,10.8667,13.66,0.4381,11.4,5.78,10.36,4.332
2019-05-17,1.55,19.38,16.8982,2.6805,6.2,24.1709,2.092,16.8982,30.68,9.165,97.4,5.629,14.84,17.01,128.55,9.93,17.005,3.286,27.9,2.1705,7.575,5.77,10.025,8.868,35.7,5.792,9.024,17.29,36.54,10.4549,4.6,12.6803,15.575,0.4632,12.525,5.63,10.602,4.467
2019-05-10,1.447,18.26,16.8589,2.6805,6.18,25.317,2.278,16.8589,30.88,9.22,91.1,5.551,14.266,16.08,124.7,9.852,16.915,3.212,30.52,2.1595,7.42,5.53,10.05,9.108,36.67,5.728,9.0,16.5,35.17,10.0583,4.532,12.2857,14.915,0.4672,11.68,5.534,11.208,4.35
2019-05-03,1.4645,17.05,17.4533,2.8443,6.515,28.38,2.394,17.4533,31.88,8.87,88.65,5.595,15.088,16.46,119.8,11.34,17.31,3.176,33.02,2.322,7.43,5.514,10.08,9.45,37.19,6.178,9.44,17.18,36.19,10.9771,4.48,13.4448,16.4,0.5,12.18,5.35,12.226,4.519
2019-04-26,1.485,17.12,17.3207,2.8476,6.455,27.3798,2.404,17.3207,31.84,8.885,85.7,5.585,15.342,16.13,120.9,12.04,17.24,3.184,33.26,2.285,7.4,5.548,10.48,9.414,36.25,6.494,9.252,16.54,36.21,11.3912,4.527,13.1451,16.235,0.4993,12.51,5.4,12.072,4.505
2019-04-19,1.4845,16.77,16.7018,2.8314,6.715,29.0885,2.574,16.7018,31.2,8.63,86.85,5.525,15.432,16.46,123.1,12.155,17.045,3.164,32.54,2.3325,7.49,5.526,10.615,9.5,36.52,6.44,9.52,16.33,35.48,11.7151,4.448,13.902,16.6,0.5135,13.04,5.344,12.76,4.59
2019-04-12,1.494,17.58,15.7684,2.6175,6.64,27.9216,2.368,15.7684,31.88,8.77,90.9,5.61,15.816,16.7,122.6,12.13,16.815,3.18,32.06,2.2835,7.99,5.532,10.49,9.514,36.5,6.602,8.974,15.31,36.29,11.7828,4.537,13.4714,16.035,0.5146,12.51,5.516,12.4,4.502
2019-04-05,1.543,17.32,15.5572,2.5065,6.52,26.5672,2.416,15.5572,32.4,8.675,92.0,5.694,15.848,16.83,121.8,11.94,16.63,3.25,31.2,2.234,7.865,5.522,10.545,9.356,37.13,6.29,8.774,16.885,36.09,12.4857,4.566,13.0256,15.585,0.5368,12.825,5.58,12.026,4.625
2019-03-29,1.6265,17.35,14.8842,2.4645,6.315,25.9421,2.438,14.8842,30.65,8.75,89.7,5.704,15.754,16.87,119.5,11.725,16.5,3.224,29.08,2.171,7.97,5.504,10.36,9.262,35.92,5.738,8.672,16.865,34.71,11.8355,4.579,12.5892,13.18,0.5544,12.515,5.648,11.428,4.44
2019-03-22,1.608,17.6,14.3095,2.4699,6.285,26.5151,2.436,14.3095,31.4,8.47,88.9,5.634,15.7,16.06,114.4,11.53,16.35,3.136,28.7,2.1565,7.9,5.482,10.135,8.946,35.34,5.934,8.56,16.7,35.64,11.5971,4.595,12.1188,14.515,0.5258,12.89,5.544,11.38,4.314
2019-03-15,1.591,17.6,14.3144,2.4429,6.27,26.4109,2.458,14.3144,31.5,8.435,85.4,5.47,15.588,16.75,116.6,11.56,16.34,2.892,28.56,2.199,8.06,5.4,9.948,8.988,37.0,5.96,8.08,16.5,36.03,12.1092,4.4,11.9841,14.62,0.5392,12.315,5.512,11.748,4.283
2019-03-08,1.609,16.21,13.5726,2.3792,6.17,27.1506,2.446,13.5726,34.3,8.0,86.75,5.484,14.968,17.02,114.0,11.22,15.725,2.998,27.4,2.119,7.79,5.468,8.482,8.662,35.65,5.876,7.812,16.9,33.77,11.6121,4.4,12.1017,13.93,0.5568,11.395,5.482,11.192,4.051
2019-03-01,1.5635,16.6,12.4575,2.5031,6.08,27.9841,2.564,12.4575,35.05,8.41,87.6,5.314,15.038,17.59,114.7,11.03,15.79,2.926,28.5,2.158,7.775,5.318,8.812,8.644,37.45,6.076,7.936,17.995,33.31,11.2356,4.332,12.2648,14.69,0.5322,11.67,5.45,11.984,4.034
2019-02-22,1.586,16.03,12.1382,2.3447,5.95,26.6609,2.5,12.1382,33.7,8.28,85.1,5.278,15.288,17.37,111.1,10.115,15.29,3.002,28.42,2.042,8.145,5.278,8.758,8.256,34.51,6.012,7.782,17.595,32.83,10.6834,4.214,12.4545,14.835,0.5378,12.045,5.438,11.14,4.002
2019-02-15,1.5805,16.34,11.8533,2.3853,5.8,27.9945,2.546,11.8533,33.75,8.195,85.2,5.236,15.12,17.0,111.3,10.45,15.23,2.968,28.7,2.047,7.185,5.226,8.904,8.306,34.35,6.074,7.746,18.84,33.83,10.6432,4.185,12.3559,14.72,0.5136,11.8,5.352,11.224,3.972
2019-02-08,1.526,16.05,10.7284,2.2202,5.3,25.6399,2.39,10.7284,33.25,7.89,84.65,5.102,14.516,17.21,108.95,9.672,14.915,2.914,27.42,1.9754,6.86,5.114,8.552,7.752,33.6,5.618,7.478,17.995,31.7,9.7571,4.06,12.3236,13.54,0.472,10.71,5.22,10.236,3.765
2019-02-01,1.5525,15.68,10.92,2.007,5.26,25.1815,2.3,10.92,31.75,7.835,82.1,5.17,14.772,16.95,110.6,9.362,15.18,2.962,27.98,1.9626,6.885,5.194,8.548,7.38,33.55,5.698,7.348,18.97,31.38,10.2817,4.079,14.2947,13.91,0.4839,10.95,5.238,9.812,3.995
2019-01-25,1.5485,16.01,10.7726,2.1322,5.355,25.8796,2.558,10.7726,30.55,7.79,80.4,5.192,14.572,17.26,97.98,9.85,15.455,2.854,28.34,2.0645,6.58,5.25,8.254,7.976,30.65,6.044,7.692,18.73,29.94,9.9554,4.09,13.9001,14.375,0.4601,11.035,5.318,11.002,4.121
2019-01-18,1.5885,16.15,9.9375,2.0679,5.385,25.5774,2.57,9.9375,29.1,7.985,80.35,5.308,14.608,17.73,99.5,9.902,15.37,2.846,28.3,2.0385,6.47,5.254,7.894,7.878,30.34,6.052,7.586,18.615,30.91,10.0809,4.136,13.9912,12.86,0.4885,10.655,5.336,10.668,3.935
2019-01-11,1.593,15.77,10.1291,2.2134,5.285,31.4014,2.644,10.1291,27.7,7.75,74.9,5.2,14.17,17.07,96.76,9.342,14.915,2.848,27.66,2.011,6.375,5.246,7.95,7.754,30.48,6.06,7.218,18.205,29.8,9.4709,4.103,13.4809,12.285,0.5006,10.305,5.298,10.592,3.896
2019-01-04,1.6305,14.4,9.8167,2.2906,5.12,31.6097,2.718,9.8167,30.45,7.82,74.75,5.156,14.34,17.0,89.4,8.95,14.73,2.83,27.0,1.9992,6.235,5.162,7.816,7.732,29.02,5.692,7.084,17.12,30.12,8.9162,4.036,12.4375,10.915,0.506,9.86,5.208,10.208,3.685
2018-12-28,1.5725,14.05,9.3667,2.277,5.09,31.1617,2.632,9.3667,30.05,7.385,70.7,5.044,13.748,16.5,86.78,8.778,14.6,2.662,26.0,1.9398,5.965,4.996,7.678,7.376,28.93,5.61,6.984,16.87,30.29,8.1958,3.819,12.0296,12.23,0.4833,9.44,4.953,9.894,3.518
2018-12-21,1.601,13.42,9.4473,2.25,5.1,32.0681,2.544,9.4473,27.5,7.465,72.45,5.186,13.774,17.13,88.18,8.72,14.53,2.77,24.92,1.9122,6.0,5.092,7.738,7.356,27.79,5.618,6.908,17.015,30.3,8.128,3.94,12.4488,11.97,0.5004,9.246,5.076,9.822,3.377
2018-12-14,1.619,14.51,10.7579,2.321,5.12,32.089,2.654,10.7579,27.3,7.685,71.75,5.018,14.148,16.21,90.34,9.144,14.385,2.704,25.58,2.014,6.34,5.11,8.168,7.622,27.55,5.85,6.93,16.6,28.6,8.8108,4.046,13.1375,12.24,0.5622,10.0,5.152,10.806,3.55
2018-12-07,1.498,15.45,10.5712,2.4314,5.025,33.9331,2.69,10.5712,29.9,7.73,73.8,4.748,14.114,16.0,93.6,9.138,14.325,2.438,25.72,1.982,6.27,4.887,8.324,7.492,29.45,5.958,6.57,15.1,28.1,9.7521,3.93,13.054,11.96,0.56,10.315,4.96,10.932,3.62
2018-11-30,1.486,14.78,10.6646,2.4361,5.285,33.433,2.75,10.6646,29.85,7.38,75.1,4.79,14.246,16.06,96.54,9.47,14.89,2.426,26.22,2.048,6.365,4.727,8.706,7.806,28.78,6.208,6.704,16.17,28.41,9.6994,3.871,13.8224,12.95,0.5748,10.625,4.938,11.386,3.663
2018-11-23,1.494,14.13,10.5319,2.363,5.11,29.7031,2.692,10.5319,28.7,7.51,78.8,4.705,14.06,16.09,94.62,9.696,14.255,2.458,26.24,1.9522,6.35,4.69,8.396,7.342,30.08,6.424,6.584,15.905,27.92,8.7731,3.822,13.3708,12.445,0.5472,11.625,4.823,10.862,3.455
2018-11-16,1.511,14.48,10.3797,2.2716,5.13,28.7134,2.75,10.3797,30.95,7.69,81.2,4.5,14.9,16.95,96.7,9.632,14.445,2.486,26.88,1.9194,6.51,4.752,8.462,7.78,30.74,6.208,6.516,16.14,29.14,10.4173,3.891,13.6232,12.16,0.5262,12.36,4.959,10.894,3.657
2018-11-09,1.466,16.02,10.6989,2.3603,5.25,31.3597,2.836,10.6989,30.8,7.435,83.35,4.483,15.456,16.72,97.92,9.902,14.435,2.556,26.9,2.0055,6.41,4.935,8.862,7.862,30.32,6.19,6.87,17.82,30.23,11.1252,3.878,13.5549,12.99,0.516,12.945,4.808,11.23,3.653
2018-11-02,1.4255,15.51,10.8119,2.3792,5.3,32.0369,2.898,10.8119,31.9,6.75,86.55,4.407,15.36,16.25,104.25,9.796,14.385,2.46,25.46,2.0065,6.36,4.629,9.626,7.932,32.4,6.384,6.604,18.405,30.09,11.5544,3.674,13.4448,13.81,0.5414,13.43,4.599,11.8,3.643
2018-10-26,1.404,15.8,10.5074,2.208,5.01,29.526,2.784,10.5074,29.05,6.62,79.15,4.38,15.134,16.4,101.0,8.774,13.89,2.45,24.54,1.9378,5.895,4.572,9.708,7.57,30.23,6.248,6.134,16.525,29.29,11.7979,3.628,13.2513,12.18,0.4841,12.855,4.545,10.974,3.43
2018-10-19,1.457,16.67,11.3867,2.3745,5.26,33.1412,2.868,11.3867,28.85,6.65,82.4,4.43,15.39,17.35,101.6,8.968,14.05,2.456,25.64,1.9842,6.2,4.511,9.932,7.878,30.4,5.868,6.27,17.185,30.16,12.0339,3.651,12.7505,13.95,0.4986,14.005,4.568,11.53,3.556
2018-10-12,1.4245,16.53,11.8877,2.4185,5.395,37.715,2.958,11.8877,29.5,6.42,81.95,4.288,15.62,16.85,100.55,9.768,14.17,2.458,25.46,2.026,6.135,4.429,9.896,7.678,30.92,6.3,6.248,17.435,28.77,12.4505,3.555,13.2513,14.385,0.49,14.08,4.438,11.914,3.554
2018-10-05,1.511,17.76,12.8898,2.4842,5.695,42.0074,3.17,12.8898,33.5,7.04,86.8,4.423,16.268,17.45,115.45,11.27,14.78,2.602,27.48,2.0985,6.25,4.596,10.365,8.228,36.64,6.79,6.6,19.24,29.86,13.0329,3.634,14.3839,15.18,0.4961,14.695,4.59,12.412,3.823
2018-09-28,1.495,19.14,12.7719,2.6994,5.86,46.7166,3.286,12.7719,33.55,7.335,90.6,4.412,16.282,17.54,118.6,11.515,14.88,2.682,28.2,2.201,6.385,4.674,10.38,8.604,37.1,7.228,6.882,20.06,29.16,13.3241,3.589,14.3649,15.675,0.523,14.43,4.601,12.964,3.836
2018-09-21,1.5435,19.46,13.6168,2.8774,6.38,50.1338,3.578,13.6168,34.0,7.245,92.25,4.633,16.31,17.55,116.9,11.645,15.325,2.756,28.98,2.4485,6.87,4.893,10.645,9.172,37.95,7.12,7.078,21.52,29.35,12.0238,3.801,14.75,16.255,0.5686,13.91,4.786,14.082,3.97
2018-09-14,1.5535,20.44,13.4744,2.8727,6.04,46.6124,3.642,13.4744,34.5,7.365,89.0,4.518,15.986,17.88,114.55,11.275,15.035,2.844,27.96,2.344,6.95,4.878,10.26,9.028,37.95,7.104,6.912,21.1,29.97,11.7226,3.703,14.2075,15.895,0.5286,13.82,4.734,13.386,3.815
2018-09-07,1.51,19.13,13.2189,2.7766,6.005,45.7789,3.58,13.2189,35.4,7.46,87.9,4.402,15.726,17.83,109.9,10.845,14.8,2.78,27.6,2.2625,6.84,4.734,9.732,8.684,37.59,6.672,7.04,21.12,30.39,11.2055,3.664,13.6687,16.195,0.529,13.555,4.68,12.942,3.741
2018-08-31,1.481,18.54,13.4498,2.5715,5.82,43.1326,3.354,13.4498,37.95,7.625,93.8,4.26,15.98,17.84,112.7,10.265,14.345,2.702,27.12,2.1275,6.56,4.654,9.65,8.016,38.96,6.938,6.632,22.22,30.17,11.5544,3.536,13.811,17.695,0.549,14.45,4.526,12.434,3.555
2018-08-24,1.545,19.05,14.1277,2.7387,6.09,45.5288,3.512,14.1277,38.2,7.635,91.6,4.405,16.4,17.95,109.75,10.18,14.775,2.776,26.22,2.2035,6.75,4.674,9.96,8.304,39.01,7.156,6.82,21.23,30.72,11.6046,3.64,13.7446,17.425,0.5988,15.015,4.601,13.196,3.669
2018-08-17,1.594,19.3,14.0,2.7075,5.925,45.8414,3.552,14.0,37.7,7.57,86.85,4.425,15.824,18.08,105.15,10.205,14.455,2.746,26.1,2.1825,6.685,4.755,9.684,8.402,37.3,7.602,6.85,20.73,30.97,11.0599,3.689,13.0047,16.94,0.6012,14.46,4.602,12.94,3.61
2018-08-10,1.587,18.76,13.7102,2.8686,6.05,48.1751,3.59,13.7102,36.35,7.255,87.85,4.469,15.956,18.83,105.55,9.998,14.685,2.794,26.7,2.298,6.82,4.803,10.175,8.716,37.07,7.604,7.104,21.96,31.72,11.1327,3.731,13.4733,18.01,0.6162,15.08,4.63,13.776,3.35
2018-08-03,1.566,19.42,13.6168,3.0981,6.25,50.6339,3.652,13.6168,35.4,7.265,87.35,4.526,16.204,18.41,107.8,10.055,14.94,2.78,26.48,2.445,6.955,4.836,10.48,8.826,36.98,7.13,7.448,21.73,32.1,10.5077,3.69,13.8546,18.985,0.64,14.865,4.703,14.394,3.434
2018-07-27,1.5455,18.4,13.833,3.2226,5.975,52.0717,3.706,13.833,36.0,7.4,93.0,4.716,16.2,19.27,113.0,10.205,14.84,2.804,27.16,2.5095,6.925,4.896,9.21,8.752,38.04,7.466,7.884,22.28,31.11,11.2206,3.71,13.6971,19.185,0.656,15.57,4.814,14.918,3.525
2018-07-20,1.5575,17.43,12.9782,3.094,5.82,50.0088,3.588,12.9782,35.95,7.645,96.4,4.906,16.086,19.4,119.8,10.12,14.51,2.78,27.02,2.4055,7.24,4.87,9.06,8.068,38.89,7.142,7.714,21.7,31.2,10.2868,3.692,15.5715,20.24,0.602,15.87,4.762,13.96,3.394
2018-07-13,1.533,17.35,12.8309,3.1441,5.81,50.4255,3.572,12.8309,34.55,7.255,97.65,4.872,16.28,19.56,122.45,10.205,14.445,2.756,26.82,2.4605,6.55,4.728,9.0,8.048,39.03,6.96,7.572,21.72,30.6,10.465,3.6,15.784,19.455,0.6066,16.095,4.733,14.282,3.405
2018-07-06,1.5405,17.69,13.106,3.2274,5.92,51.0715,3.65,13.106,32.85,7.375,96.0,4.885,16.18,19.34,114.95,9.83,14.54,2.79,25.98,2.5615,6.87,4.836,8.576,8.102,37.0,7.136,7.432,20.51,29.96,9.8902,3.621,16.0799,18.995,0.6552,16.01,4.69,14.688,3.461
2018-06-29,1.485,17.76,13.0225,3.1861,5.805,51.3632,3.448,13.0225,38.25,7.045,97.7,4.757,15.906,18.73,116.5,9.672,14.37,2.67,26.64,2.4865,6.605,4.722,8.466,7.962,39.0,7.152,7.17,20.6218,34.06,9.9002,3.576,15.4937,19.135,0.6374,15.715,4.632,14.296,3.309
2018-06-22,1.473,17.58,13.4007,3.2375,6.01,55.218,3.488,13.4007,38.1,6.925,96.0,4.746,15.636,19.61,120.15,9.648,14.54,2.62,27.36,2.588,6.575,4.69,8.748,8.434,39.57,7.356,7.346,22.4297,34.24,9.5287,3.479,15.6493,20.16,0.6684,15.685,4.465,14.538,3.545
2018-06-15,1.4775,17.22,13.2582,2.9451,5.91,60.4481,3.458,13.2582,37.65,7.025,93.0,4.872,15.45,19.01,127.65,9.482,14.595,2.702,27.92,2.5475,6.495,4.776,8.94,8.066,42.06,7.45,7.63,24.3343,32.85,9.3329,3.604,16.9735,22.46,0.6752,15.04,4.583,14.308,3.557
2018-06-08,1.392,17.04,13.2632,2.7847,5.815,55.9057,3.418,13.2632,35.5,6.445,87.9,4.594,15.224,17.73,115.3,8.838,14.17,2.608,27.54,2.425,6.125,4.529,8.638,7.828,39.75,7.276,7.084,23.3578,32.55,9.7245,3.456,17.0361,21.01,0.6722,15.56,4.442,13.6,3.492
2018-06-01,1.4435,15.43,14.334,2.9959,6.115,55.6348,3.61,14.334,35.2,6.375,85.5,4.734,15.732,17.85,113.6,8.788,14.71,2.636,27.38,2.5975,6.2,4.512,8.984,8.278,39.3,7.328,7.47,24.0249,31.82,9.6818,3.545,17.5692,20.35,0.7002,15.54,4.595,14.69,3.774
2018-05-25,1.4735,15.54,14.4814,3.094,6.07,54.6971,3.57,14.4814,31.35,6.515,84.15,4.748,15.386,17.9,112.9,8.786,14.875,2.75,28.66,2.638,6.355,4.642,9.012,8.52,39.26,7.43,7.588,24.1796,32.13,9.2375,3.64,17.7987,20.55,0.7276,15.86,4.635,15.39,3.86
2018-05-18,1.543,15.78,15.0967,3.1583,6.11,58.7603,3.644,15.0967,30.85,6.345,81.4,4.898,16.552,18.98,112.65,8.966,16.12,2.79,28.1,3.0,6.675,4.995,9.056,9.184,39.4,7.612,7.62,24.634,31.92,9.6316,3.776,17.5957,20.03,0.7418,17.095,4.77,16.22,4.203
2018-05-11,1.6,16.52,15.469,3.3966,6.665,66.6784,3.908,15.469,30.55,6.235,80.2,5.07,16.44,20.2,113.8,9.718,16.5,2.978,29.28,3.146,6.8,5.086,9.61,9.948,37.2,6.962,8.15,25.8908,30.5,8.5346,3.87,18.0358,20.22,0.8044,16.325,4.876,17.938,4.341
2018-05-04,1.6755,16.22,16.4091,3.2037,6.8,54.7805,3.914,16.4091,27.95,6.195,78.65,5.386,16.35,20.02,113.8,10.075,16.78,3.072,27.62,3.1505,6.82,5.304,9.714,10.225,35.67,7.286,8.154,24.1312,30.65,7.9548,3.999,18.2028,19.23,0.855,16.135,5.04,17.73,4.512
2018-04-27,1.668,15.63,16.1066,3.2118,6.625,55.4889,3.92,16.1066,27.4,6.215,78.4,5.25,16.158,19.76,101.3,9.86,16.63,3.076,26.26,3.153,6.72,5.34,9.5,10.13,36.95,7.196,7.972,23.4351,29.54,7.9046,3.973,18.0074,18.135,0.8226,15.21,4.979,17.9,4.416
2018-04-20,1.6275,15.9,16.1904,3.3079,7.105,56.5933,3.81,16.1904,27.45,6.145,74.6,5.17,15.952,19.42,99.8,9.924,16.715,3.0,25.96,3.135,6.67,5.174,9.926,10.17,35.36,7.024,7.79,23.9765,29.84,8.364,3.854,18.2825,17.575,0.8762,15.29,4.875,17.98,4.35
2018-04-13,1.6,15.51,15.9763,3.2017,6.95,55.8432,3.3,15.9763,27.4,6.335,73.5,5.114,15.432,18.79,99.04,9.664,16.175,2.992,26.98,3.067,6.5,5.06,9.384,9.762,34.04,7.26,7.674,23.8799,29.8,8.1481,3.831,18.0491,18.27,0.8488,14.995,4.8,17.2,4.245
2018-04-06,1.586,14.87,16.316,3.1326,7.005,61.0524,3.316,16.316,26.7,6.34,73.85,5.046,14.888,20.04,98.6,9.668,15.84,3.018,26.36,2.9955,6.54,5.004,9.47,9.688,33.3,7.16,7.542,23.8992,29.85,7.882,3.82,17.3567,17.33,0.8532,14.26,4.781,17.278,4.029
2018-03-30,1.5545,14.45,16.2369,3.0663,7.08,53.5928,3.218,16.2369,25.5,6.15,73.1,4.97,14.288,19.38,97.54,9.768,15.625,2.974,27.46,2.9535,6.43,4.856,9.378,9.548,30.9,7.2,7.42,24.6533,29.98,7.9874,3.733,15.6531,17.985,0.771,13.95,4.749,16.988,3.978
2018-03-23,1.5025,13.69,16.3719,3.0886,7.125,56.0099,3.232,16.3719,25.85,6.175,71.65,4.851,14.108,19.33,97.2,9.98,15.425,2.858,26.82,2.9525,6.24,4.766,9.402,9.732,30.61,7.06,7.246,24.8563,28.38,8.1782,3.653,15.7821,18.595,0.7726,13.615,4.644,16.896,4.0
2018-03-16,1.4925,13.98,16.7535,3.1475,7.3,62.9277,3.222,16.7535,26.0,6.13,72.2,4.93,14.1,19.47,99.4,10.325,15.725,2.788,27.98,3.077,6.235,4.701,9.478,9.86,29.54,7.21,7.394,25.9101,29.32,8.3865,3.717,16.3076,19.865,0.8088,14.49,4.714,17.216,4.047
2018-03-09,1.466,14.09,16.7721,3.1536,7.225,65.4282,3.228,16.7721,26.1,6.13,74.75,4.836,13.592,18.94,101.2,10.29,15.45,2.76,28.52,3.038,6.32,4.55,9.186,9.882,29.27,7.27,7.296,25.9681,30.09,8.743,3.663,16.2886,19.8,0.832,15.055,4.585,16.98,4.01
2018-03-02,1.435,13.18,16.2555,3.3066,7.095,65.1365,3.172,16.2555,25.1,5.745,66.1,4.657,13.378,16.56,96.98,9.798,15.05,2.726,26.44,3.0065,5.59,4.312,8.582,9.66,27.9,6.912,6.866,24.866,28.36,8.2259,3.596,15.2812,17.665,0.7246,14.065,4.501,17.062,3.929
2018-02-23,1.469,12.97,16.7255,3.2917,7.285,65.2198,3.328,16.7255,25.45,6.23,69.75,4.835,13.79,16.7,104.5,9.902,15.365,2.804,27.94,3.083,5.655,4.588,8.89,9.866,28.04,7.49,6.712,25.6588,29.06,8.8359,3.771,16.7136,18.66,0.732,14.24,4.658,17.234,4.085
2018-02-16,1.4295,13.68,16.7953,3.2517,7.245,72.1377,3.302,16.7953,26.3,6.21,71.3,4.86,13.632,16.17,105.0,9.664,15.505,2.762,29.42,3.1375,5.62,4.485,9.062,9.882,28.45,7.676,6.656,25.8135,31.13,8.6401,3.696,17.222,18.065,0.6958,13.185,4.562,17.818,4.147
2018-02-09,1.4095,12.86,16.6278,3.1759,7.46,78.7639,3.21,16.6278,25.5,6.045,69.55,4.634,13.398,15.69,97.8,9.214,15.35,2.776,27.34,3.0835,5.425,4.484,8.69,9.718,25.72,7.238,6.436,25.5041,30.87,8.5849,3.565,16.5201,17.19,0.6988,12.79,4.492,17.758,4.192
2018-02-02,1.52,13.78,17.028,3.1549,7.795,75.9717,3.198,17.028,26.1,6.47,76.55,4.97,14.348,16.39,103.8,9.854,15.945,2.924,28.4,3.1155,5.705,4.84,9.6,9.946,26.02,7.6,6.584,26.7706,35.28,9.3028,3.83,17.8253,18.49,0.7094,13.75,4.731,17.57,4.343
2018-01-26,1.572,14.45,17.4608,3.2558,7.92,81.9728,3.34,17.4608,27.4,6.425,79.3,5.18,14.95,16.87,96.4,10.1,16.22,3.052,30.28,3.16,5.895,4.956,11.1,9.83,27.08,7.82,6.69,27.9791,38.4,10.1964,4.008,18.7814,19.07,0.7205,14.54,4.906,17.95,4.488
2018-01-19,1.584,14.26,17.5725,3.0189,7.77,81.0559,3.244,17.5725,27.4,6.3,79.15,5.39,14.83,16.74,98.65,9.705,16.17,3.06,30.7,3.088,6.07,4.966,11.25,9.955,27.04,7.87,6.725,28.1531,38.56,10.0809,4.074,18.5443,20.44,0.721,14.24,4.918,17.4,4.35
2018-01-12,1.522,13.94,15.5342,3.0866,7.28,83.7231,3.33,15.5342,27.3,6.34,79.7,5.245,14.72,15.97,97.1,9.6,15.67,3.0,29.78,3.026,6.02,4.874,10.85,9.77,25.16,7.865,6.49,27.7857,38.6,10.1763,4.064,18.1459,19.98,0.7435,14.2,4.878,17.47,4.3
2018-01-05,1.593,13.33,15.0409,2.8781,7.19,81.0559,3.2,15.0409,28.3,6.36,76.8,5.34,14.43,15.99,93.35,8.91,15.2,3.026,28.9,2.816,6.18,5.03,10.4,9.515,25.94,7.74,6.405,27.4957,38.36,9.8148,4.136,16.9981,19.43,0.7385,13.61,4.994,16.25,4.086
